Order_ID,Order_Date,Customer_ID,Customer_Name,Gender,Age,City,State,Region,Product_ID,Product_Name,Category,Sub_Category,Quantity,Unit_Price,Discount,Sales,Cost,Profit,Payment_Mode,Customer_Segment,Sales_Channel,PROFIT MARGIN,YEAR,MONTH
ORD10001,08-07-2025,CUST1021,Ananya,Female,38,Mumbai,Maharashtra,West,P107,Desk,Furniture,Tables,4,12000,0.15,40800,8000,8800,UPI,Consumer,Online,21.57%,2025,Jul
ORD10002,10-12-2025,CUST1294,Rahul,Female,40,Kolkata,West Bengal,East,P108,Bookshelf,Furniture,Storage,2,7000,0,14000,4700,4600,Credit Card,Corporate,Online,32.86%,2025,Dec
ORD10003,07-07-2025,CUST1271,Kavya,Female,22,Bengaluru,Karnataka,South,P109,Backpack,Bags,Travel,2,2200,0.1,3960,1400,1160,Cash,Corporate,Online,29.29%,2025,Jul
ORD10004,22-09-2025,CUST1053,Rahul,Female,47,Mumbai,Maharashtra,West,P102,Smartphone,Electronics,Mobiles,4,28000,0.1,100800,22000,12800,Credit Card,Consumer,Online,12.70%,2025,Sep
ORD10005,02-01-2025,CUST1054,Nikhil,Female,48,Bengaluru,Karnataka,South,P103,Tablet,Electronics,Tablets,1,22000,0.15,18700,16500,2200,Net Banking,Corporate,Store,11.76%,2025,Jan
ORD10006,09-07-2025,CUST1296,Vivek,Male,37,Kolkata,West Bengal,East,P104,Monitor,Electronics,Accessories,2,14000,0.1,25200,10500,4200,Credit Card,Corporate,Store,16.67%,2025,Jul
ORD10007,28-10-2025,CUST1065,Ananya,Male,43,Coimbatore,Tamil Nadu,South,P112,Notebook,Stationery,Paper,1,450,0.05,427.5,280,147.5,UPI,Consumer,Online,34.50%,2025,Oct
ORD10008,18-09-2025,CUST1231,Divya,Female,26,Bengaluru,Karnataka,South,P103,Tablet,Electronics,Tablets,2,22000,0.15,37400,16500,4400,Cash,Consumer,Online,11.76%,2025,Sep
ORD10009,21-06-2025,CUST1214,Priya,Male,54,Jaipur,Rajasthan,North,P107,Desk,Furniture,Tables,2,12000,0.15,20400,8000,4400,UPI,Corporate,Store,21.57%,2025,Jun
ORD10010,26-07-2025,CUST1015,Nikhil,Female,32,Jaipur,Rajasthan,North,P110,Headphones,Electronics,Audio,2,3500,0.1,6300,2200,1900,UPI,Small Business,Online,30.16%,2025,Jul
ORD10011,20-06-2025,CUST1029,Sneha,Male,51,Pune,Maharashtra,West,P104,Monitor,Electronics,Accessories,1,14000,0.1,12600,10500,2100,Credit Card,Corporate,Store,16.67%,2025,Jun
ORD10012,18-04-2025,CUST1044,Manoj,Female,30,Ahmedabad,Gujarat,West,P110,Headphones,Electronics,Audio,1,3500,0.1,3150,2200,950,UPI,Consumer,Online,30.16%,2025,Apr
ORD10013,26-04-2025,CUST1233,Priya,Male,25,Bengaluru,Karnataka,South,P101,Laptop,Electronics,Computers,1,52000,0.1,46800,39000,7800,Credit Card,Consumer,Online,16.67%,2025,Apr
ORD10014,09-06-2025,CUST1096,Divya,Female,31,Kochi,Kerala,South,P103,Tablet,Electronics,Tablets,1,22000,0.2,17600,16500,1100,UPI,Consumer,Online,6.25%,2025,Jun
ORD10015,10-05-2025,CUST1220,Vignesh,Female,52,Kolkata,West Bengal,East,P101,Laptop,Electronics,Computers,1,52000,0.1,46800,39000,7800,Credit Card,Corporate,Online,16.67%,2025,May
ORD10016,22-07-2025,CUST1184,Neha,Male,57,Delhi,Delhi,North,P110,Headphones,Electronics,Audio,1,3500,0.15,2975,2200,775,UPI,Corporate,Online,26.05%,2025,Jul
ORD10017,15-12-2025,CUST1259,Manoj,Female,55,Bengaluru,Karnataka,South,P111,Printer,Electronics,Printers,1,12500,0.1,11250,9200,2050,UPI,Consumer,Online,18.22%,2025,Dec
ORD10018,08-02-2025,CUST1129,Meera,Female,44,Mumbai,Maharashtra,West,P107,Desk,Furniture,Tables,4,12000,0.1,43200,8000,11200,UPI,Consumer,Store,25.93%,2025,Feb
ORD10019,01-03-2025,CUST1002,Arun,Female,31,Coimbatore,Tamil Nadu,South,P107,Desk,Furniture,Tables,1,12000,0.25,9000,8000,1000,Credit Card,Small Business,Online,11.11%,2025,Mar
ORD10020,01-06-2025,CUST1054,Arun,Female,30,Hyderabad,Telangana,South,P109,Backpack,Bags,Travel,2,2200,0.15,3740,1400,940,Net Banking,Corporate,Store,25.13%,2025,Jun
ORD10021,04-12-2025,CUST1194,Priya,Female,60,Ahmedabad,Gujarat,West,P103,Tablet,Electronics,Tablets,2,22000,0,44000,16500,11000,UPI,Consumer,Online,25.00%,2025,Dec
ORD10022,08-05-2025,CUST1033,Vivek,Female,41,Kolkata,West Bengal,East,P104,Monitor,Electronics,Accessories,2,14000,0.15,23800,10500,2800,UPI,Consumer,Store,11.76%,2025,May
ORD10023,04-10-2025,CUST1286,Arun,Female,52,Delhi,Delhi,North,P103,Tablet,Electronics,Tablets,4,22000,0.1,79200,16500,13200,UPI,Corporate,Online,16.67%,2025,Oct
ORD10024,07-06-2025,CUST1046,Karthik,Male,60,Bengaluru,Karnataka,South,P103,Tablet,Electronics,Tablets,1,22000,0.25,16500,16500,0,Net Banking,Consumer,Online,0.00%,2025,Jun
ORD10025,10-06-2025,CUST1256,Priya,Female,37,Coimbatore,Tamil Nadu,South,P103,Tablet,Electronics,Tablets,3,22000,0.05,62700,16500,13200,Credit Card,Small Business,Store,21.05%,2025,Jun
ORD10026,31-05-2025,CUST1127,Nikhil,Female,45,Kolkata,West Bengal,East,P108,Bookshelf,Furniture,Storage,1,7000,0.15,5950,4700,1250,Debit Card,Corporate,Store,21.01%,2025,May
ORD10027,13-01-2025,CUST1036,Pooja,Female,20,Kochi,Kerala,South,P107,Desk,Furniture,Tables,3,12000,0.15,30600,8000,6600,UPI,Consumer,Online,21.57%,2025,Jan
ORD10028,15-10-2025,CUST1215,Swathi,Male,41,Jaipur,Rajasthan,North,P103,Tablet,Electronics,Tablets,1,22000,0.1,19800,16500,3300,Credit Card,Consumer,Online,16.67%,2025,Oct
ORD10029,21-09-2025,CUST1053,Sanjay,Female,24,Delhi,Delhi,North,P106,Office Chair,Furniture,Chairs,2,8500,0.05,16150,5600,4950,Credit Card,Small Business,Online,30.65%,2025,Sep
ORD10030,04-05-2025,CUST1106,Swathi,Male,38,Jaipur,Rajasthan,North,P103,Tablet,Electronics,Tablets,1,22000,0,22000,16500,5500,Credit Card,Consumer,Online,25.00%,2025,May
ORD10031,09-05-2025,CUST1058,Arun,Male,53,Jaipur,Rajasthan,North,P105,Keyboard,Electronics,Accessories,1,1800,0.15,1530,1200,330,UPI,Consumer,Online,21.57%,2025,May
ORD10032,10-03-2025,CUST1278,Priya,Female,45,Bengaluru,Karnataka,South,P105,Keyboard,Electronics,Accessories,4,1800,0.15,6120,1200,1320,UPI,Corporate,Online,21.57%,2025,Mar
ORD10033,23-07-2025,CUST1218,Vivek,Male,58,Pune,Maharashtra,West,P112,Notebook,Stationery,Paper,1,450,0.05,427.5,280,147.5,UPI,Consumer,Online,34.50%,2025,Jul
ORD10034,29-06-2025,CUST1223,Nikhil,Female,38,Kochi,Kerala,South,P110,Headphones,Electronics,Audio,4,3500,0.2,11200,2200,2400,Credit Card,Small Business,Store,21.43%,2025,Jun
ORD10035,09-06-2025,CUST1152,Sanjay,Female,54,Kolkata,West Bengal,East,P104,Monitor,Electronics,Accessories,4,14000,0.2,44800,10500,2800,Debit Card,Consumer,Online,6.25%,2025,Jun
ORD10036,26-11-2025,CUST1043,Sanjay,Male,32,Coimbatore,Tamil Nadu,South,P105,Keyboard,Electronics,Accessories,1,1800,0.25,1350,1200,150,UPI,Consumer,Online,11.11%,2025,Nov
ORD10037,03-04-2025,CUST1090,Rahul,Male,60,Hyderabad,Telangana,South,P102,Smartphone,Electronics,Mobiles,1,28000,0.1,25200,22000,3200,Credit Card,Corporate,Online,12.70%,2025,Apr
ORD10038,06-09-2025,CUST1164,Nikhil,Male,28,Kolkata,West Bengal,East,P111,Printer,Electronics,Printers,2,12500,0.15,21250,9200,2850,Credit Card,Corporate,Store,13.41%,2025,Sep
ORD10039,31-05-2025,CUST1190,Vignesh,Female,32,Chennai,Tamil Nadu,South,P104,Monitor,Electronics,Accessories,1,14000,0.1,12600,10500,2100,Debit Card,Consumer,Online,16.67%,2025,May
ORD10040,06-07-2025,CUST1019,Neha,Female,31,Mumbai,Maharashtra,West,P101,Laptop,Electronics,Computers,3,52000,0.05,148200,39000,31200,Net Banking,Small Business,Online,21.05%,2025,Jul
ORD10041,10-03-2025,CUST1099,Sanjay,Male,40,Mumbai,Maharashtra,West,P112,Notebook,Stationery,Paper,2,450,0.1,810,280,250,Debit Card,Corporate,Store,30.86%,2025,Mar
ORD10042,02-05-2025,CUST1133,Priya,Male,48,Kochi,Kerala,South,P105,Keyboard,Electronics,Accessories,5,1800,0.25,6750,1200,750,UPI,Consumer,Online,11.11%,2025,May
ORD10043,07-01-2025,CUST1174,Pooja,Female,28,Kochi,Kerala,South,P110,Headphones,Electronics,Audio,2,3500,0,7000,2200,2600,Cash,Corporate,Online,37.14%,2025,Jan
ORD10044,17-11-2025,CUST1145,Ananya,Male,23,Delhi,Delhi,North,P105,Keyboard,Electronics,Accessories,5,1800,0.05,8550,1200,2550,UPI,Corporate,Online,29.82%,2025,Nov
ORD10045,19-01-2025,CUST1039,Priya,Male,32,Delhi,Delhi,North,P112,Notebook,Stationery,Paper,2,450,0.05,855,280,295,UPI,Corporate,Store,34.50%,2025,Jan
ORD10046,14-12-2025,CUST1190,Neha,Male,52,Ahmedabad,Gujarat,West,P108,Bookshelf,Furniture,Storage,2,7000,0.15,11900,4700,2500,UPI,Small Business,Online,21.01%,2025,Dec
ORD10047,13-06-2025,CUST1227,Swathi,Female,37,Delhi,Delhi,North,P105,Keyboard,Electronics,Accessories,4,1800,0.2,5760,1200,960,UPI,Consumer,Online,16.67%,2025,Jun
ORD10048,12-01-2025,CUST1224,Vivek,Female,57,Pune,Maharashtra,West,P101,Laptop,Electronics,Computers,2,52000,0.1,93600,39000,15600,Credit Card,Corporate,Online,16.67%,2025,Jan
ORD10049,27-06-2025,CUST1028,Vignesh,Male,55,Mumbai,Maharashtra,West,P112,Notebook,Stationery,Paper,1,450,0.05,427.5,280,147.5,Net Banking,Corporate,Online,34.50%,2025,Jun
ORD10050,15-02-2025,CUST1035,Karthik,Female,24,Pune,Maharashtra,West,P101,Laptop,Electronics,Computers,3,52000,0.15,132600,39000,15600,Credit Card,Consumer,Store,11.76%,2025,Feb
ORD10051,16-10-2025,CUST1065,Aditya,Female,30,Mysuru,Karnataka,South,P102,Smartphone,Electronics,Mobiles,1,28000,0,28000,22000,6000,Credit Card,Consumer,Store,21.43%,2025,Oct
ORD10052,09-04-2025,CUST1006,Neha,Male,50,Bengaluru,Karnataka,South,P111,Printer,Electronics,Printers,3,12500,0.1,33750,9200,6150,Debit Card,Small Business,Online,18.22%,2025,Apr
ORD10053,26-03-2025,CUST1078,Divya,Female,20,Pune,Maharashtra,West,P105,Keyboard,Electronics,Accessories,2,1800,0.05,3420,1200,1020,Net Banking,Corporate,Online,29.82%,2025,Mar
ORD10054,13-03-2025,CUST1039,Rahul,Female,22,Kolkata,West Bengal,East,P101,Laptop,Electronics,Computers,2,52000,0.05,98800,39000,20800,Credit Card,Small Business,Online,21.05%,2025,Mar
ORD10055,30-10-2025,CUST1207,Vignesh,Male,33,Mysuru,Karnataka,South,P105,Keyboard,Electronics,Accessories,1,1800,0,1800,1200,600,Debit Card,Consumer,Online,33.33%,2025,Oct
ORD10056,13-10-2025,CUST1249,Karthik,Male,43,Chennai,Tamil Nadu,South,P112,Notebook,Stationery,Paper,1,450,0.1,405,280,125,Net Banking,Consumer,Online,30.86%,2025,Oct
ORD10057,26-11-2025,CUST1273,Manoj,Female,24,Pune,Maharashtra,West,P101,Laptop,Electronics,Computers,2,52000,0.1,93600,39000,15600,Net Banking,Consumer,Online,16.67%,2025,Nov
ORD10058,06-09-2025,CUST1151,Vivek,Male,30,Mysuru,Karnataka,South,P111,Printer,Electronics,Printers,1,12500,0,12500,9200,3300,UPI,Corporate,Online,26.40%,2025,Sep
ORD10059,03-04-2025,CUST1160,Aditya,Male,38,Ahmedabad,Gujarat,West,P108,Bookshelf,Furniture,Storage,3,7000,0.1,18900,4700,4800,Cash,Consumer,Online,25.40%,2025,Apr
ORD10060,12-01-2025,CUST1046,Rahul,Male,33,Pune,Maharashtra,West,P106,Office Chair,Furniture,Chairs,2,8500,0.1,15300,5600,4100,UPI,Consumer,Online,26.80%,2025,Jan
ORD10061,15-11-2025,CUST1048,Neha,Female,55,Delhi,Delhi,North,P109,Backpack,Bags,Travel,1,2200,0.2,1760,1400,360,Cash,Corporate,Online,20.45%,2025,Nov
ORD10062,19-03-2025,CUST1216,Rahul,Male,45,Delhi,Delhi,North,P108,Bookshelf,Furniture,Storage,1,7000,0.15,5950,4700,1250,UPI,Consumer,Store,21.01%,2025,Mar
ORD10063,21-10-2025,CUST1227,Swathi,Male,44,Mysuru,Karnataka,South,P107,Desk,Furniture,Tables,2,12000,0,24000,8000,8000,Debit Card,Consumer,Online,33.33%,2025,Oct
ORD10064,25-01-2025,CUST1145,Pooja,Female,44,Jaipur,Rajasthan,North,P101,Laptop,Electronics,Computers,1,52000,0.1,46800,39000,7800,Debit Card,Corporate,Online,16.67%,2025,Jan
ORD10065,24-08-2025,CUST1083,Nikhil,Male,56,Delhi,Delhi,North,P104,Monitor,Electronics,Accessories,2,14000,0.15,23800,10500,2800,UPI,Corporate,Online,11.76%,2025,Aug
ORD10066,16-10-2025,CUST1150,Karthik,Female,23,Mysuru,Karnataka,South,P108,Bookshelf,Furniture,Storage,5,7000,0.1,31500,4700,8000,Cash,Consumer,Store,25.40%,2025,Oct
ORD10067,31-01-2025,CUST1040,Vignesh,Female,43,Jaipur,Rajasthan,North,P108,Bookshelf,Furniture,Storage,3,7000,0,21000,4700,6900,UPI,Consumer,Store,32.86%,2025,Jan
ORD10068,03-03-2025,CUST1194,Kavya,Male,27,Delhi,Delhi,North,P104,Monitor,Electronics,Accessories,5,14000,0.1,63000,10500,10500,Credit Card,Small Business,Online,16.67%,2025,Mar
ORD10069,20-01-2025,CUST1113,Sanjay,Male,20,Delhi,Delhi,North,P110,Headphones,Electronics,Audio,2,3500,0.05,6650,2200,2250,Credit Card,Consumer,Online,33.83%,2025,Jan
ORD10070,27-06-2025,CUST1010,Vignesh,Male,29,Mumbai,Maharashtra,West,P111,Printer,Electronics,Printers,1,12500,0.1,11250,9200,2050,Net Banking,Consumer,Store,18.22%,2025,Jun
ORD10071,07-02-2025,CUST1094,Neha,Male,33,Pune,Maharashtra,West,P101,Laptop,Electronics,Computers,1,52000,0,52000,39000,13000,Net Banking,Small Business,Online,25.00%,2025,Feb
ORD10072,01-03-2025,CUST1267,Divya,Male,33,Hyderabad,Telangana,South,P103,Tablet,Electronics,Tablets,4,22000,0.15,74800,16500,8800,Debit Card,Small Business,Online,11.76%,2025,Mar
ORD10073,30-03-2025,CUST1237,Nikhil,Male,37,Mysuru,Karnataka,South,P103,Tablet,Electronics,Tablets,2,22000,0.2,35200,16500,2200,Cash,Consumer,Online,6.25%,2025,Mar
ORD10074,02-06-2025,CUST1145,Arun,Male,21,Delhi,Delhi,North,P103,Tablet,Electronics,Tablets,2,22000,0.1,39600,16500,6600,Credit Card,Small Business,Online,16.67%,2025,Jun
ORD10075,11-02-2025,CUST1015,Kavya,Male,52,Delhi,Delhi,North,P103,Tablet,Electronics,Tablets,4,22000,0.1,79200,16500,13200,Credit Card,Small Business,Store,16.67%,2025,Feb
ORD10076,16-10-2025,CUST1254,Sneha,Female,21,Ahmedabad,Gujarat,West,P106,Office Chair,Furniture,Chairs,1,8500,0.05,8075,5600,2475,Debit Card,Small Business,Online,30.65%,2025,Oct
ORD10077,15-01-2025,CUST1157,Rohan,Male,48,Mumbai,Maharashtra,West,P106,Office Chair,Furniture,Chairs,1,8500,0.1,7650,5600,2050,UPI,Corporate,Store,26.80%,2025,Jan
ORD10078,10-10-2025,CUST1069,Manoj,Male,29,Hyderabad,Telangana,south,P103,Tablet,Electronics,Tablets,2,22000,0.15,37400,16500,4400,UPI,Consumer,Online,11.76%,2025,Oct
ORD10079,29-07-2025,CUST1111,Rohan,Female,31,Mysuru,Karnataka,South,P110,Headphones,Electronics,Audio,1,3500,0.1,3150,2200,950,UPI,Small Business,Store,30.16%,2025,Jul
ORD10080,14-10-2025,CUST1051,Amit,Female,60,Kolkata,West Bengal,East,P105,Keyboard,Electronics,Accessories,2,1800,0.15,3060,1200,660,Net Banking,Consumer,Online,21.57%,2025,Oct
ORD10081,09-11-2025,CUST1001,Swathi,Female,34,Kochi,Kerala,South,P105,Keyboard,Electronics,Accessories,3,1800,0,5400,1200,1800,UPI,Consumer,Online,33.33%,2025,Nov
ORD10082,04-03-2025,CUST1244,Meera,Female,21,Ahmedabad,Gujarat,West,P104,Monitor,Electronics,Accessories,1,14000,0.05,13300,10500,2800,Credit Card,Consumer,Store,21.05%,2025,Mar
ORD10083,01-06-2025,CUST1025,Ananya,Female,25,Mysuru,Karnataka,South,P111,Printer,Electronics,Printers,1,12500,0,12500,9200,3300,UPI,Consumer,Store,26.40%,2025,Jun
ORD10084,18-02-2025,CUST1084,Divya,Male,39,Delhi,Delhi,North,P111,Printer,Electronics,Printers,1,12500,0.05,11875,9200,2675,UPI,Consumer,Store,22.53%,2025,Feb
ORD10085,03-08-2025,CUST1211,Neha,Male,48,Jaipur,Rajasthan,North,P101,Laptop,Electronics,Computers,2,52000,0,104000,39000,26000,Credit Card,Corporate,Online,25.00%,2025,Aug
ORD10086,24-04-2025,CUST1222,Karthik,Male,23,Chennai,Tamil Nadu,South,P103,Tablet,Electronics,Tablets,2,22000,0.1,39600,16500,6600,UPI,Small Business,Store,16.67%,2025,Apr
ORD10087,28-03-2025,CUST1055,Aditya,Male,48,Kochi,Kerala,South,P110,Headphones,Electronics,Audio,3,3500,0.1,9450,2200,2850,UPI,Corporate,Online,30.16%,2025,Mar
ORD10088,06-09-2025,CUST1239,Vignesh,Male,52,Mysuru,Karnataka,South,P107,Desk,Furniture,Tables,1,12000,0.1,10800,8000,2800,Credit Card,Corporate,Store,25.93%,2025,Sep
ORD10089,14-06-2025,CUST1182,Amit,Male,37,Kolkata,West Bengal,East,P108,Bookshelf,Furniture,Storage,3,7000,0.25,15750,4700,1650,UPI,Consumer,Online,10.48%,2025,Jun
ORD10090,02-01-2025,CUST1197,Manoj,Male,21,Hyderabad,Telangana,South,P103,Tablet,Electronics,Tablets,2,22000,0.1,39600,16500,6600,UPI,Consumer,Store,16.67%,2025,Jan
ORD10091,22-02-2025,CUST1280,Neha,Female,49,Delhi,Delhi,North,P105,Keyboard,Electronics,Accessories,2,1800,0.05,3420,1200,1020,Credit Card,Small Business,Store,29.82%,2025,Feb
ORD10092,09-02-2025,CUST1237,Ananya,Male,41,Chennai,Tamil Nadu,South,P101,Laptop,Electronics,Computers,1,52000,0.05,49400,39000,10400,Cash,Small Business,Online,21.05%,2025,Feb
ORD10093,08-05-2025,CUST1042,Rahul,Male,57,Jaipur,Rajasthan,North,P102,Smartphone,Electronics,Mobiles,2,28000,0.15,47600,22000,3600,UPI,Consumer,Online,7.56%,2025,May
ORD10094,27-01-2025,CUST1287,Karthik,Male,59,Jaipur,Rajasthan,North,P112,Notebook,Stationery,Paper,1,450,0,450,280,170,UPI,Corporate,Online,37.78%,2025,Jan
ORD10095,02-05-2025,CUST1046,Rahul,Female,20,Bengaluru,Karnataka,South,P110,Headphones,Electronics,Audio,1,3500,0.1,3150,2200,950,UPI,Corporate,Online,30.16%,2025,May
ORD10096,23-04-2025,CUST1187,Ananya,Female,54,Mysuru,Karnataka,South,P105,Keyboard,Electronics,Accessories,1,1800,0.05,1710,1200,510,Net Banking,Consumer,Store,29.82%,2025,Apr
ORD10097,27-08-2025,CUST1148,Swathi,Male,36,Pune,Maharashtra,West,P106,Office Chair,Furniture,Chairs,1,8500,0.05,8075,5600,2475,Credit Card,Corporate,Online,30.65%,2025,Aug
ORD10098,17-01-2025,CUST1129,Meera,Female,44,Chennai,Tamil Nadu,South,P110,Headphones,Electronics,Audio,1,3500,0,3500,2200,1300,UPI,Small Business,Store,37.14%,2025,Jan
ORD10099,02-10-2025,CUST1101,Sanjay,Male,36,Hyderabad,Telangana,South,P112,Notebook,Stationery,Paper,1,450,0.1,405,280,125,Net Banking,Consumer,Online,30.86%,2025,Oct
ORD10100,03-08-2025,CUST1198,Rohan,Male,37,Hyderabad,Telangana,South,P108,Bookshelf,Furniture,Storage,2,7000,0.15,11900,4700,2500,Credit Card,Consumer,Store,21.01%,2025,Aug
ORD10101,09-10-2025,CUST1086,Ananya,Female,34,Kochi,Kerala,South,P110,Headphones,Electronics,Audio,2,3500,0.25,5250,2200,850,Debit Card,Consumer,Store,16.19%,2025,Oct
ORD10102,13-04-2025,CUST1273,Amit,Male,43,Mysuru,Karnataka,South,P102,Smartphone,Electronics,Mobiles,4,28000,0.1,100800,22000,12800,UPI,Consumer,Online,12.70%,2025,Apr
ORD10103,30-12-2025,CUST1039,Kavya,Female,23,Mysuru,Karnataka,South,P105,Keyboard,Electronics,Accessories,1,1800,0.15,1530,1200,330,Debit Card,Consumer,Online,21.57%,2025,Dec
ORD10104,19-06-2025,CUST1034,Pooja,Male,37,Coimbatore,Tamil Nadu,South,P110,Headphones,Electronics,Audio,1,3500,0,3500,2200,1300,Net Banking,Corporate,Store,37.14%,2025,Jun
ORD10105,04-07-2025,CUST1272,Sanjay,Male,29,Bengaluru,Karnataka,South,P104,Monitor,Electronics,Accessories,1,14000,0.1,12600,10500,2100,UPI,Consumer,Online,16.67%,2025,Jul
ORD10106,07-06-2025,CUST1146,Vignesh,Male,20,Bengaluru,Karnataka,South,P101,Laptop,Electronics,Computers,1,52000,0.05,49400,39000,10400,Net Banking,Consumer,Online,21.05%,2025,Jun
ORD10107,20-10-2025,CUST1061,Vignesh,Male,25,Kolkata,West Bengal,East,P109,Backpack,Bags,Travel,1,2200,0.2,1760,1400,360,Net Banking,Small Business,Online,20.45%,2025,Oct
ORD10108,13-03-2025,CUST1148,Swathi,Male,29,Ahmedabad,Gujarat,West,P102,Smartphone,Electronics,Mobiles,2,28000,0,56000,22000,12000,UPI,Consumer,Online,21.43%,2025,Mar
ORD10109,23-02-2025,CUST1047,Neha,Male,54,Hyderabad,Telangana,South,P110,Headphones,Electronics,Audio,3,3500,0.15,8925,2200,2325,Credit Card,Consumer,Online,26.05%,2025,Feb
ORD10110,03-01-2025,CUST1160,Priya,Female,32,Chennai,Tamil Nadu,South,P103,Tablet,Electronics,Tablets,1,22000,0.25,16500,16500,0,UPI,Consumer,Online,0.00%,2025,Jan
ORD10111,03-05-2025,CUST1029,Divya,Male,44,Chennai,Tamil Nadu,South,P105,Keyboard,Electronics,Accessories,1,1800,0.1,1620,1200,420,Cash,Consumer,Online,25.93%,2025,May
ORD10112,04-05-2025,CUST1038,Amit,Male,24,Pune,Maharashtra,West,P109,Backpack,Bags,Travel,2,2200,0.05,4180,1400,1380,UPI,Consumer,Store,33.01%,2025,May
ORD10113,28-10-2025,CUST1224,Swathi,Female,22,Pune,Maharashtra,West,P112,Notebook,Stationery,Paper,5,450,0,2250,280,850,UPI,Corporate,Online,37.78%,2025,Oct
ORD10114,02-04-2025,CUST1059,Vivek,Male,32,Delhi,Delhi,North,P101,Laptop,Electronics,Computers,2,52000,0.2,83200,39000,5200,Cash,Corporate,Store,6.25%,2025,Apr
ORD10115,14-02-2025,CUST1249,Swathi,Male,42,Delhi,Delhi,North,P111,Printer,Electronics,Printers,1,12500,0.2,10000,9200,800,UPI,Small Business,Online,8.00%,2025,Feb
ORD10116,12-01-2025,CUST1295,Rahul,Female,32,Chennai,Tamil Nadu,South,P107,Desk,Furniture,Tables,3,12000,0.15,30600,8000,6600,Credit Card,Small Business,Online,21.57%,2025,Jan
ORD10117,22-11-2025,CUST1074,Divya,Female,53,Coimbatore,Tamil Nadu,South,P102,Smartphone,Electronics,Mobiles,1,28000,0.15,23800,22000,1800,UPI,Corporate,Store,7.56%,2025,Nov
ORD10118,20-11-2025,CUST1219,Neha,Female,41,Mumbai,Maharashtra,West,P106,Office Chair,Furniture,Chairs,1,8500,0.15,7225,5600,1625,Debit Card,Consumer,Online,22.49%,2025,Nov
ORD10119,24-06-2025,CUST1285,Sanjay,Female,54,Mysuru,Karnataka,South,P108,Bookshelf,Furniture,Storage,3,7000,0.25,15750,4700,1650,Credit Card,Consumer,Online,10.48%,2025,Jun
ORD10120,27-02-2025,CUST1026,Rahul,Female,53,Delhi,Delhi,North,P101,Laptop,Electronics,Computers,1,52000,0.15,44200,39000,5200,Net Banking,Consumer,Online,11.76%,2025,Feb
ORD10121,15-10-2025,CUST1130,Aditya,Female,39,Jaipur,Rajasthan,North,P107,Desk,Furniture,Tables,3,12000,0.05,34200,8000,10200,Debit Card,Consumer,Store,29.82%,2025,Oct
ORD10122,23-12-2025,CUST1084,Karthik,Male,24,Kolkata,West Bengal,East,P112,Notebook,Stationery,Paper,1,450,0.2,360,280,80,Net Banking,Consumer,Store,22.22%,2025,Dec
ORD10123,12-01-2025,CUST1274,Kavya,Female,35,Hyderabad,Telangana,South,P102,Smartphone,Electronics,Mobiles,1,28000,0.1,25200,22000,3200,Credit Card,Consumer,Online,12.70%,2025,Jan
ORD10124,18-07-2025,CUST1181,Priya,Female,34,Kolkata,West Bengal,East,P105,Keyboard,Electronics,Accessories,2,1800,0.15,3060,1200,660,Credit Card,Consumer,Online,21.57%,2025,Jul
ORD10125,15-11-2025,CUST1214,Rahul,Female,27,Mumbai,Maharashtra,West,P112,Notebook,Stationery,Paper,1,450,0.05,427.5,280,147.5,UPI,Consumer,Online,34.50%,2025,Nov
ORD10126,01-02-2025,CUST1011,Pooja,Male,52,Chennai,Tamil Nadu,South,P102,Smartphone,Electronics,Mobiles,1,28000,0.1,25200,22000,3200,Net Banking,Small Business,Store,12.70%,2025,Feb
ORD10127,15-02-2025,CUST1160,Kavya,Female,41,Kolkata,West Bengal,East,P103,Tablet,Electronics,Tablets,1,22000,0,22000,16500,5500,UPI,Consumer,Store,25.00%,2025,Feb
ORD10128,21-08-2025,CUST1077,Manoj,Female,41,Coimbatore,Tamil Nadu,South,P102,Smartphone,Electronics,Mobiles,1,28000,0.1,25200,22000,3200,UPI,Small Business,Online,12.70%,2025,Aug
ORD10129,01-11-2025,CUST1123,Karthik,Male,25,Chennai,Tamil Nadu,South,P110,Headphones,Electronics,Audio,3,3500,0,10500,2200,3900,Credit Card,Corporate,Online,37.14%,2025,Nov
ORD10130,25-03-2025,CUST1111,Ananya,Male,39,Kolkata,West Bengal,East,P112,Notebook,Stationery,Paper,4,450,0.1,1620,280,500,Credit Card,Corporate,Store,30.86%,2025,Mar
ORD10131,12-01-2025,CUST1087,Sanjay,Male,44,Ahmedabad,Gujarat,West,P103,Tablet,Electronics,Tablets,1,22000,0.1,19800,16500,3300,Cash,Consumer,Store,16.67%,2025,Jan
ORD10132,15-10-2025,CUST1300,Aditya,Female,37,Kolkata,West Bengal,East,P104,Monitor,Electronics,Accessories,3,14000,0.1,37800,10500,6300,Debit Card,Consumer,Online,16.67%,2025,Oct
ORD10133,03-04-2025,CUST1207,Arun,Male,31,Hyderabad,Telangana,South,P111,Printer,Electronics,Printers,1,12500,0.1,11250,9200,2050,UPI,Small Business,Online,18.22%,2025,Apr
ORD10134,20-01-2025,CUST1152,Aditya,Male,51,Mumbai,Maharashtra,West,P108,Bookshelf,Furniture,Storage,2,7000,0.15,11900,4700,2500,Credit Card,Consumer,Online,21.01%,2025,Jan
ORD10135,22-10-2025,CUST1243,Swathi,Female,31,Chennai,Tamil Nadu,South,P104,Monitor,Electronics,Accessories,2,14000,0.15,23800,10500,2800,UPI,Consumer,Store,11.76%,2025,Oct
ORD10136,28-03-2025,CUST1298,Sanjay,Female,33,Hyderabad,Telangana,South,P101,Laptop,Electronics,Computers,2,52000,0.1,93600,39000,15600,Credit Card,Consumer,Online,16.67%,2025,Mar
ORD10137,19-08-2025,CUST1084,Rahul,Male,25,Delhi,Delhi,North,P109,Backpack,Bags,Travel,3,2200,0.1,5940,1400,1740,Debit Card,Consumer,Online,29.29%,2025,Aug
ORD10138,13-06-2025,CUST1287,Meera,Female,22,Pune,Maharashtra,West,P103,Tablet,Electronics,Tablets,1,22000,0.1,19800,16500,3300,Credit Card,Consumer,Online,16.67%,2025,Jun
ORD10139,20-06-2025,CUST1001,Manoj,Female,56,Ahmedabad,Gujarat,West,P112,Notebook,Stationery,Paper,1,450,0.05,427.5,280,147.5,UPI,Consumer,Store,34.50%,2025,Jun
ORD10140,18-04-2025,CUST1251,Manoj,Female,33,Coimbatore,Tamil Nadu,South,P108,Bookshelf,Furniture,Storage,1,7000,0.2,5600,4700,900,UPI,Consumer,Store,16.07%,2025,Apr
ORD10141,28-02-2025,CUST1161,Neha,Male,33,Jaipur,Rajasthan,North,P101,Laptop,Electronics,Computers,1,52000,0.05,49400,39000,10400,Debit Card,Consumer,Online,21.05%,2025,Feb
ORD10142,12-10-2025,CUST1185,Ananya,Male,42,Mysuru,Karnataka,South,P111,Printer,Electronics,Printers,1,12500,0.05,11875,9200,2675,Debit Card,Consumer,Online,22.53%,2025,Oct
ORD10143,07-12-2025,CUST1129,Rohan,Male,51,Chennai,Tamil Nadu,South,P104,Monitor,Electronics,Accessories,1,14000,0.15,11900,10500,1400,UPI,Small Business,Online,11.76%,2025,Dec
ORD10144,24-04-2025,CUST1145,Rohan,Male,59,Jaipur,Rajasthan,North,P101,Laptop,Electronics,Computers,5,52000,0.05,247000,39000,52000,Debit Card,Consumer,Store,21.05%,2025,Apr
ORD10145,22-05-2025,CUST1053,Vivek,Male,60,Bengaluru,Karnataka,South,P104,Monitor,Electronics,Accessories,2,14000,0.2,22400,10500,1400,UPI,Corporate,Store,6.25%,2025,May
ORD10146,26-09-2025,CUST1073,Pooja,Male,60,Ahmedabad,Gujarat,West,P106,Office Chair,Furniture,Chairs,3,8500,0.25,19125,5600,2325,UPI,Corporate,Store,12.16%,2025,Sep
ORD10147,06-10-2025,CUST1129,Ananya,Male,40,Delhi,Delhi,North,P104,Monitor,Electronics,Accessories,1,14000,0.2,11200,10500,700,UPI,Consumer,Online,6.25%,2025,Oct
ORD10148,01-11-2025,CUST1224,Neha,Male,57,Hyderabad,Telangana,South,P105,Keyboard,Electronics,Accessories,1,1800,0.1,1620,1200,420,UPI,Corporate,Store,25.93%,2025,Nov
ORD10149,09-10-2025,CUST1117,Sanjay,Male,53,Chennai,Tamil Nadu,South,P110,Headphones,Electronics,Audio,1,3500,0.05,3325,2200,1125,Credit Card,Consumer,Online,33.83%,2025,Oct
ORD10150,21-01-2025,CUST1107,Vivek,Male,34,Jaipur,Rajasthan,North,P111,Printer,Electronics,Printers,3,12500,0.15,31875,9200,4275,UPI,Small Business,Online,13.41%,2025,Jan
ORD10151,21-02-2025,CUST1027,Kavya,Female,54,Delhi,Delhi,North,P105,Keyboard,Electronics,Accessories,1,1800,0,1800,1200,600,Credit Card,Consumer,Store,33.33%,2025,Feb
ORD10152,16-12-2025,CUST1263,Sanjay,Female,58,Bengaluru,Karnataka,South,P102,Smartphone,Electronics,Mobiles,5,28000,0.15,119000,22000,9000,Credit Card,Corporate,Online,7.56%,2025,Dec
ORD10153,20-09-2025,CUST1172,Pooja,Female,32,Kochi,Kerala,South,P110,Headphones,Electronics,Audio,4,3500,0.1,12600,2200,3800,Credit Card,Small Business,Store,30.16%,2025,Sep
ORD10154,01-05-2025,CUST1125,Nikhil,Female,43,Kochi,Kerala,South,P109,Backpack,Bags,Travel,1,2200,0.1,1980,1400,580,UPI,Consumer,Store,29.29%,2025,May
ORD10155,21-07-2025,CUST1146,Swathi,Female,29,Kolkata,West Bengal,East,P102,Smartphone,Electronics,Mobiles,3,28000,0.1,75600,22000,9600,Credit Card,Corporate,Online,12.70%,2025,Jul
ORD10156,30-05-2025,CUST1293,Kavya,Male,47,Coimbatore,Tamil Nadu,South,P103,Tablet,Electronics,Tablets,3,22000,0.05,62700,16500,13200,UPI,Corporate,Online,21.05%,2025,May
ORD10157,26-03-2025,CUST1146,Priya,Female,58,Ahmedabad,Gujarat,West,P109,Backpack,Bags,Travel,5,2200,0,11000,1400,4000,Debit Card,Consumer,Online,36.36%,2025,Mar
ORD10158,16-06-2025,CUST1109,Amit,Female,59,Mumbai,Maharashtra,West,P103,Tablet,Electronics,Tablets,2,22000,0.1,39600,16500,6600,Debit Card,Corporate,Online,16.67%,2025,Jun
ORD10159,26-09-2025,CUST1049,Rahul,Female,24,Mysuru,Karnataka,South,P101,Laptop,Electronics,Computers,1,52000,0.1,46800,39000,7800,UPI,Corporate,Online,16.67%,2025,Sep
ORD10160,27-02-2025,CUST1259,Karthik,Female,42,Chennai,Tamil Nadu,South,P108,Bookshelf,Furniture,Storage,2,7000,0.05,13300,4700,3900,UPI,Consumer,Store,29.32%,2025,Feb
ORD10161,05-02-2025,CUST1287,Kavya,Male,35,Mumbai,Maharashtra,West,P107,Desk,Furniture,Tables,1,12000,0.1,10800,8000,2800,UPI,Consumer,Store,25.93%,2025,Feb
ORD10162,03-01-2025,CUST1144,Pooja,Male,47,Bengaluru,Karnataka,South,P112,Notebook,Stationery,Paper,1,450,0.25,337.5,280,57.5,Net Banking,Consumer,Store,17.04%,2025,Jan
ORD10163,25-03-2025,CUST1231,Arun,Male,35,Coimbatore,Tamil Nadu,South,P108,Bookshelf,Furniture,Storage,1,7000,0.15,5950,4700,1250,Credit Card,Consumer,Online,21.01%,2025,Mar
ORD10164,27-12-2025,CUST1258,Divya,Male,30,Bengaluru,Karnataka,South,P104,Monitor,Electronics,Accessories,1,14000,0.05,13300,10500,2800,Cash,Consumer,Store,21.05%,2025,Dec
ORD10165,23-05-2025,CUST1101,Manoj,Female,31,Jaipur,Rajasthan,North,P102,Smartphone,Electronics,Mobiles,1,28000,0.15,23800,22000,1800,Net Banking,Consumer,Store,7.56%,2025,May
ORD10166,08-03-2025,CUST1007,Manoj,Female,28,Kolkata,West Bengal,East,P103,Tablet,Electronics,Tablets,2,22000,0.15,37400,16500,4400,UPI,Consumer,Online,11.76%,2025,Mar
ORD10167,23-09-2025,CUST1025,Rahul,Male,52,Chennai,Tamil Nadu,South,P103,Tablet,Electronics,Tablets,4,22000,0.1,79200,16500,13200,Net Banking,Consumer,Online,16.67%,2025,Sep
ORD10168,25-01-2025,CUST1141,Rahul,Female,40,Mumbai,Maharashtra,West,P106,Office Chair,Furniture,Chairs,1,8500,0.1,7650,5600,2050,UPI,Consumer,Store,26.80%,2025,Jan
ORD10169,21-05-2025,CUST1031,Amit,Female,37,Coimbatore,Tamil Nadu,South,P112,Notebook,Stationery,Paper,5,450,0.1,2025,280,625,UPI,Small Business,Online,30.86%,2025,May
ORD10170,05-01-2025,CUST1266,Rahul,Female,30,Chennai,Tamil Nadu,South,P111,Printer,Electronics,Printers,2,12500,0,25000,9200,6600,Debit Card,Corporate,Online,26.40%,2025,Jan
ORD10171,05-06-2025,CUST1190,Amit,Male,26,Hyderabad,Telangana,South,P107,Desk,Furniture,Tables,1,12000,0,12000,8000,4000,Debit Card,Consumer,Online,33.33%,2025,Jun
ORD10172,04-11-2025,CUST1221,Manoj,Female,57,Kolkata,West Bengal,East,P107,Desk,Furniture,Tables,3,12000,0.1,32400,8000,8400,Credit Card,Consumer,Store,25.93%,2025,Nov
ORD10173,17-08-2025,CUST1086,Vignesh,Female,21,Jaipur,Rajasthan,North,P103,Tablet,Electronics,Tablets,2,22000,0.1,39600,16500,6600,UPI,Consumer,Store,16.67%,2025,Aug
ORD10174,06-03-2025,CUST1013,Aditya,Male,40,Kochi,Kerala,South,P105,Keyboard,Electronics,Accessories,2,1800,0.05,3420,1200,1020,UPI,Consumer,Online,29.82%,2025,Mar
ORD10175,04-11-2025,CUST1256,Sneha,Female,37,Hyderabad,Telangana,South,P101,Laptop,Electronics,Computers,1,52000,0.1,46800,39000,7800,Credit Card,Consumer,Online,16.67%,2025,Nov
ORD10176,15-04-2025,CUST1192,Neha,Female,28,Kochi,Kerala,South,P106,Office Chair,Furniture,Chairs,2,8500,0.2,13600,5600,2400,Net Banking,Small Business,Online,17.65%,2025,Apr
ORD10177,20-08-2025,CUST1277,Meera,Male,53,Kochi,Kerala,South,P101,Laptop,Electronics,Computers,4,52000,0.05,197600,39000,41600,UPI,Consumer,Online,21.05%,2025,Aug
ORD10178,10-03-2025,CUST1087,Vignesh,Female,32,Coimbatore,Tamil Nadu,South,P101,Laptop,Electronics,Computers,1,52000,0.2,41600,39000,2600,UPI,Corporate,Store,6.25%,2025,Mar
ORD10179,28-05-2025,CUST1277,Rohan,Female,50,Kolkata,West Bengal,East,P103,Tablet,Electronics,Tablets,1,22000,0,22000,16500,5500,UPI,Consumer,Store,25.00%,2025,May
ORD10180,18-09-2025,CUST1261,Rohan,Female,29,Hyderabad,Telangana,South,P107,Desk,Furniture,Tables,1,12000,0,12000,8000,4000,UPI,Consumer,Store,33.33%,2025,Sep
ORD10181,18-02-2025,CUST1292,Sneha,Female,60,Kolkata,West Bengal,East,P108,Bookshelf,Furniture,Storage,2,7000,0.1,12600,4700,3200,Debit Card,Consumer,Online,25.40%,2025,Feb
ORD10182,15-09-2025,CUST1269,Vivek,Female,51,Kochi,Kerala,South,P102,Smartphone,Electronics,Mobiles,2,28000,0.05,53200,22000,9200,Debit Card,Consumer,Online,17.29%,2025,Sep
ORD10183,11-11-2025,CUST1124,Aditya,Female,49,Chennai,Tamil Nadu,South,P108,Bookshelf,Furniture,Storage,1,7000,0.05,6650,4700,1950,Net Banking,Corporate,Online,29.32%,2025,Nov
ORD10184,10-08-2025,CUST1119,Ananya,Male,31,Kolkata,West Bengal,East,P101,Laptop,Electronics,Computers,5,52000,0.15,221000,39000,26000,Net Banking,Consumer,Store,11.76%,2025,Aug
ORD10185,31-05-2025,CUST1236,Meera,Female,41,Kolkata,West Bengal,East,P105,Keyboard,Electronics,Accessories,2,1800,0.1,3240,1200,840,Debit Card,Consumer,Online,25.93%,2025,May
ORD10186,10-10-2025,CUST1050,Kavya,Male,42,Chennai,Tamil Nadu,South,P102,Smartphone,Electronics,Mobiles,1,28000,0.15,23800,22000,1800,Cash,Corporate,Online,7.56%,2025,Oct
ORD10187,23-01-2025,CUST1030,Ananya,Female,44,Kolkata,West Bengal,East,P101,Laptop,Electronics,Computers,2,52000,0,104000,39000,26000,Debit Card,Consumer,Online,25.00%,2025,Jan
ORD10188,14-04-2025,CUST1224,Nikhil,Female,44,Bengaluru,Karnataka,South,P108,Bookshelf,Furniture,Storage,2,7000,0.2,11200,4700,1800,Credit Card,Corporate,Online,16.07%,2025,Apr
ORD10189,27-03-2025,CUST1234,Sanjay,Male,33,Chennai,Tamil Nadu,South,P111,Printer,Electronics,Printers,1,12500,0.15,10625,9200,1425,UPI,Small Business,Online,13.41%,2025,Mar
ORD10190,30-07-2025,CUST1101,Sneha,Male,23,Hyderabad,Telangana,South,P111,Printer,Electronics,Printers,3,12500,0.1,33750,9200,6150,Debit Card,Small Business,Online,18.22%,2025,Jul
ORD10191,21-07-2025,CUST1038,Amit,Female,39,Delhi,Delhi,North,P105,Keyboard,Electronics,Accessories,1,1800,0.15,1530,1200,330,UPI,Small Business,Online,21.57%,2025,Jul
ORD10192,11-09-2025,CUST1024,Rahul,Female,37,Kolkata,West Bengal,East,P103,Tablet,Electronics,Tablets,1,22000,0.05,20900,16500,4400,Credit Card,Consumer,Online,21.05%,2025,Sep
ORD10193,10-11-2025,CUST1117,Sneha,Female,38,Delhi,Delhi,North,P103,Tablet,Electronics,Tablets,2,22000,0.15,37400,16500,4400,Credit Card,Consumer,Online,11.76%,2025,Nov
ORD10194,08-09-2025,CUST1251,Kavya,Male,52,Bengaluru,Karnataka,South,P107,Desk,Furniture,Tables,1,12000,0.05,11400,8000,3400,Credit Card,Corporate,Store,29.82%,2025,Sep
ORD10195,25-12-2025,CUST1137,Vivek,Male,29,Delhi,Delhi,North,P111,Printer,Electronics,Printers,5,12500,0.15,53125,9200,7125,UPI,Consumer,Online,13.41%,2025,Dec
ORD10196,02-09-2025,CUST1035,Amit,Female,24,Delhi,Delhi,North,P106,Office Chair,Furniture,Chairs,1,8500,0.05,8075,5600,2475,Cash,Consumer,Store,30.65%,2025,Sep
ORD10197,06-05-2025,CUST1231,Ananya,Female,54,Pune,Maharashtra,West,P110,Headphones,Electronics,Audio,2,3500,0.1,6300,2200,1900,Credit Card,Corporate,Store,30.16%,2025,May
ORD10198,25-03-2025,CUST1152,Sneha,Male,49,Coimbatore,Tamil Nadu,South,P106,Office Chair,Furniture,Chairs,1,8500,0.1,7650,5600,2050,UPI,Consumer,Online,26.80%,2025,Mar
ORD10199,02-12-2025,CUST1182,Nikhil,Male,32,Hyderabad,Telangana,South,P107,Desk,Furniture,Tables,1,12000,0.15,10200,8000,2200,UPI,Consumer,Store,21.57%,2025,Dec
ORD10200,21-01-2025,CUST1196,Aditya,Male,46,Mumbai,Maharashtra,West,P111,Printer,Electronics,Printers,2,12500,0.1,22500,9200,4100,UPI,Small Business,Online,18.22%,2025,Jan
ORD10201,18-07-2025,CUST1154,Sanjay,Female,33,Mysuru,Karnataka,South,P108,Bookshelf,Furniture,Storage,5,7000,0.1,31500,4700,8000,Debit Card,Small Business,Online,25.40%,2025,Jul
ORD10202,11-12-2025,CUST1161,Aditya,Male,23,Jaipur,Rajasthan,North,P103,Tablet,Electronics,Tablets,1,22000,0.1,19800,16500,3300,UPI,Consumer,Store,16.67%,2025,Dec
ORD10203,28-01-2025,CUST1043,Divya,Male,41,Bengaluru,Karnataka,South,P101,Laptop,Electronics,Computers,5,52000,0.05,247000,39000,52000,Credit Card,Corporate,Online,21.05%,2025,Jan
ORD10204,22-01-2025,CUST1112,Rahul,Female,53,Bengaluru,Karnataka,South,P102,Smartphone,Electronics,Mobiles,1,28000,0,28000,22000,6000,Cash,Consumer,Store,21.43%,2025,Jan
ORD10205,28-02-2025,CUST1138,Priya,Female,51,Kolkata,West Bengal,East,P112,Notebook,Stationery,Paper,2,450,0,900,280,340,UPI,Consumer,Online,37.78%,2025,Feb
ORD10206,20-03-2025,CUST1214,Manoj,Female,33,Delhi,Delhi,North,P104,Monitor,Electronics,Accessories,1,14000,0,14000,10500,3500,UPI,Consumer,Store,25.00%,2025,Mar
ORD10207,11-09-2025,CUST1044,Arun,Female,54,Bengaluru,Karnataka,South,P110,Headphones,Electronics,Audio,1,3500,0,3500,2200,1300,UPI,Corporate,Store,37.14%,2025,Sep
ORD10208,25-09-2025,CUST1074,Rohan,Female,47,Mysuru,Karnataka,South,P102,Smartphone,Electronics,Mobiles,2,28000,0.25,42000,22000,-2000,Debit Card,Consumer,Online,-4.76%,2025,Sep
ORD10209,25-09-2025,CUST1263,Vivek,Male,22,Kolkata,West Bengal,East,P109,Backpack,Bags,Travel,2,2200,0.1,3960,1400,1160,Net Banking,Consumer,Online,29.29%,2025,Sep
ORD10210,25-06-2025,CUST1107,Vignesh,Female,49,Bengaluru,Karnataka,South,P112,Notebook,Stationery,Paper,1,450,0.05,427.5,280,147.5,Credit Card,Consumer,Store,34.50%,2025,Jun
ORD10211,04-03-2025,CUST1109,Pooja,Female,23,Mysuru,Karnataka,South,P112,Notebook,Stationery,Paper,1,450,0.25,337.5,280,57.5,Net Banking,Small Business,Store,17.04%,2025,Mar
ORD10212,08-10-2025,CUST1154,Vignesh,Male,47,Pune,Maharashtra,West,P111,Printer,Electronics,Printers,2,12500,0.1,22500,9200,4100,Cash,Small Business,Online,18.22%,2025,Oct
ORD10213,30-12-2025,CUST1213,Rahul,Female,22,Coimbatore,Tamil Nadu,South,P103,Tablet,Electronics,Tablets,1,22000,0.1,19800,16500,3300,Cash,Consumer,Online,16.67%,2025,Dec
ORD10214,12-06-2025,CUST1180,Rahul,Male,37,Kolkata,West Bengal,East,P112,Notebook,Stationery,Paper,1,450,0.15,382.5,280,102.5,Debit Card,Corporate,Online,26.80%,2025,Jun
ORD10215,28-09-2025,CUST1289,Manoj,Male,35,Bengaluru,Karnataka,South,P106,Office Chair,Furniture,Chairs,3,8500,0.1,22950,5600,6150,UPI,Consumer,Online,26.80%,2025,Sep
ORD10216,04-09-2025,CUST1128,Priya,Female,44,Delhi,Delhi,North,P107,Desk,Furniture,Tables,3,12000,0.05,34200,8000,10200,UPI,Consumer,Online,29.82%,2025,Sep
ORD10217,08-02-2025,CUST1252,Pooja,Male,37,Pune,Maharashtra,West,P109,Backpack,Bags,Travel,1,2200,0.15,1870,1400,470,Debit Card,Small Business,Online,25.13%,2025,Feb
ORD10218,22-05-2025,CUST1100,Rohan,Female,54,Mysuru,Karnataka,South,P111,Printer,Electronics,Printers,1,12500,0.05,11875,9200,2675,UPI,Small Business,Online,22.53%,2025,May
ORD10219,12-04-2025,CUST1215,Vivek,Male,38,Ahmedabad,Gujarat,West,P101,Laptop,Electronics,Computers,1,52000,0,52000,39000,13000,Net Banking,Small Business,Store,25.00%,2025,Apr
ORD10220,14-03-2025,CUST1251,Swathi,Male,33,Mumbai,Maharashtra,West,P112,Notebook,Stationery,Paper,5,450,0.1,2025,280,625,UPI,Consumer,Online,30.86%,2025,Mar
ORD10221,30-03-2025,CUST1142,Meera,Male,54,Ahmedabad,Gujarat,West,P101,Laptop,Electronics,Computers,1,52000,0.1,46800,39000,7800,UPI,Corporate,Online,16.67%,2025,Mar
ORD10222,05-05-2025,CUST1110,Divya,Female,35,Mumbai,Maharashtra,West,P111,Printer,Electronics,Printers,3,12500,0.2,30000,9200,2400,UPI,Corporate,Online,8.00%,2025,May
ORD10223,12-09-2025,CUST1149,Vignesh,Female,39,Mysuru,Karnataka,South,P103,Tablet,Electronics,Tablets,5,22000,0.15,93500,16500,11000,UPI,Consumer,Store,11.76%,2025,Sep
ORD10224,04-08-2025,CUST1065,Rohan,Male,42,Ahmedabad,Gujarat,West,P109,Backpack,Bags,Travel,2,2200,0.15,3740,1400,940,Credit Card,Consumer,Online,25.13%,2025,Aug
ORD10225,20-08-2025,CUST1021,Swathi,Female,39,Hyderabad,Telangana,South,P109,Backpack,Bags,Travel,3,2200,0.1,5940,1400,1740,Debit Card,Corporate,Store,29.29%,2025,Aug
ORD10226,08-03-2025,CUST1194,Rahul,Male,60,Coimbatore,Tamil Nadu,South,P112,Notebook,Stationery,Paper,1,450,0.15,382.5,280,102.5,Credit Card,Corporate,Online,26.80%,2025,Mar
ORD10227,06-08-2025,CUST1283,Rohan,Male,20,Chennai,Tamil Nadu,South,P109,Backpack,Bags,Travel,1,2200,0.1,1980,1400,580,Credit Card,Consumer,Online,29.29%,2025,Aug
ORD10228,18-02-2025,CUST1190,Rohan,Male,39,Mumbai,Maharashtra,West,P103,Tablet,Electronics,Tablets,1,22000,0.1,19800,16500,3300,UPI,Consumer,Store,16.67%,2025,Feb
ORD10229,22-09-2025,CUST1037,Neha,Male,36,Kochi,Kerala,South,P101,Laptop,Electronics,Computers,1,52000,0.2,41600,39000,2600,UPI,Consumer,Online,6.25%,2025,Sep
ORD10230,27-05-2025,CUST1127,Amit,Male,20,Jaipur,Rajasthan,North,P109,Backpack,Bags,Travel,1,2200,0.15,1870,1400,470,UPI,Corporate,Store,25.13%,2025,May
ORD10231,31-03-2025,CUST1103,Vignesh,Female,44,Coimbatore,Tamil Nadu,South,P105,Keyboard,Electronics,Accessories,2,1800,0.05,3420,1200,1020,Credit Card,Consumer,Online,29.82%,2025,Mar
ORD10232,20-11-2025,CUST1161,Sneha,Female,56,Bengaluru,Karnataka,South,P107,Desk,Furniture,Tables,2,12000,0.15,20400,8000,4400,UPI,Consumer,Store,21.57%,2025,Nov
ORD10233,15-09-2025,CUST1285,Divya,Female,21,Coimbatore,Tamil Nadu,South,P101,Laptop,Electronics,Computers,1,52000,0.05,49400,39000,10400,Net Banking,Corporate,Online,21.05%,2025,Sep
ORD10234,16-09-2025,CUST1084,Karthik,Male,21,Delhi,Delhi,North,P103,Tablet,Electronics,Tablets,1,22000,0,22000,16500,5500,Credit Card,Small Business,Store,25.00%,2025,Sep
ORD10235,23-08-2025,CUST1213,Neha,Male,50,Bengaluru,Karnataka,South,P102,Smartphone,Electronics,Mobiles,2,28000,0.1,50400,22000,6400,Credit Card,Small Business,Online,12.70%,2025,Aug
ORD10236,14-03-2025,CUST1122,Sanjay,Female,51,Delhi,Delhi,North,P105,Keyboard,Electronics,Accessories,3,1800,0.1,4860,1200,1260,Cash,Small Business,Store,25.93%,2025,Mar
ORD10237,09-11-2025,CUST1118,Sneha,Female,52,Kolkata,West Bengal,East,P107,Desk,Furniture,Tables,3,12000,0,36000,8000,12000,Credit Card,Consumer,Online,33.33%,2025,Nov
ORD10238,16-02-2025,CUST1148,Swathi,Male,29,Mumbai,Maharashtra,West,P107,Desk,Furniture,Tables,1,12000,0.15,10200,8000,2200,Debit Card,Corporate,Online,21.57%,2025,Feb
ORD10239,21-11-2025,CUST1176,Manoj,Female,31,Mysuru,Karnataka,South,P111,Printer,Electronics,Printers,1,12500,0.15,10625,9200,1425,Credit Card,Consumer,Online,13.41%,2025,Nov
ORD10240,08-03-2025,CUST1075,Pooja,Female,45,Pune,Maharashtra,West,P102,Smartphone,Electronics,Mobiles,1,28000,0.25,21000,22000,-1000,UPI,Consumer,Online,-4.76%,2025,Mar
ORD10241,02-09-2025,CUST1030,Nikhil,Male,56,Hyderabad,Telangana,South,P110,Headphones,Electronics,Audio,1,3500,0.15,2975,2200,775,Net Banking,Consumer,Store,26.05%,2025,Sep
ORD10242,18-03-2025,CUST1059,Kavya,Female,36,Chennai,Tamil Nadu,South,P104,Monitor,Electronics,Accessories,3,14000,0.25,31500,10500,0,UPI,Consumer,Online,0.00%,2025,Mar
ORD10243,08-12-2025,CUST1042,Rahul,Female,40,Ahmedabad,Gujarat,West,P105,Keyboard,Electronics,Accessories,2,1800,0.1,3240,1200,840,UPI,Consumer,Store,25.93%,2025,Dec
ORD10244,07-10-2025,CUST1125,Priya,Male,53,Mumbai,Maharashtra,West,P107,Desk,Furniture,Tables,1,12000,0.1,10800,8000,2800,Credit Card,Consumer,Store,25.93%,2025,Oct
ORD10245,07-09-2025,CUST1275,Vignesh,Male,40,Chennai,Tamil Nadu,South,P112,Notebook,Stationery,Paper,2,450,0.1,810,280,250,UPI,Small Business,Store,30.86%,2025,Sep
ORD10246,20-12-2025,CUST1267,Pooja,Male,31,Hyderabad,Telangana,South,P106,Office Chair,Furniture,Chairs,1,8500,0.1,7650,5600,2050,UPI,Corporate,Online,26.80%,2025,Dec
ORD10247,12-01-2025,CUST1070,Neha,Male,38,Bengaluru,Karnataka,South,P105,Keyboard,Electronics,Accessories,2,1800,0.1,3240,1200,840,Credit Card,Consumer,Store,25.93%,2025,Jan
ORD10248,04-08-2025,CUST1203,Swathi,Female,36,Jaipur,Rajasthan,North,P106,Office Chair,Furniture,Chairs,1,8500,0.05,8075,5600,2475,Cash,Small Business,Online,30.65%,2025,Aug
ORD10249,25-11-2025,CUST1116,Pooja,Male,36,Mumbai,Maharashtra,West,P103,Tablet,Electronics,Tablets,3,22000,0.1,59400,16500,9900,Cash,Small Business,Online,16.67%,2025,Nov
ORD10250,08-07-2025,CUST1287,Vivek,Female,51,Hyderabad,Telangana,South,P106,Office Chair,Furniture,Chairs,1,8500,0.1,7650,5600,2050,Net Banking,Consumer,Store,26.80%,2025,Jul
ORD10251,23-07-2025,CUST1194,Divya,Female,54,Kochi,Kerala,South,P110,Headphones,Electronics,Audio,2,3500,0.1,6300,2200,1900,UPI,Small Business,Online,30.16%,2025,Jul
ORD10252,23-11-2025,CUST1030,Ananya,Male,20,Chennai,Tamil Nadu,South,P103,Tablet,Electronics,Tablets,2,22000,0.15,37400,16500,4400,UPI,Corporate,Online,11.76%,2025,Nov
ORD10253,07-05-2025,CUST1257,Sneha,Male,21,Kolkata,West Bengal,East,P108,Bookshelf,Furniture,Storage,2,7000,0.1,12600,4700,3200,UPI,Consumer,Store,25.40%,2025,May
ORD10254,07-07-2025,CUST1173,Rahul,Male,38,Delhi,Delhi,North,P104,Monitor,Electronics,Accessories,1,14000,0.1,12600,10500,2100,Credit Card,Consumer,Online,16.67%,2025,Jul
ORD10255,07-07-2025,CUST1013,Kavya,Male,53,Chennai,Tamil Nadu,South,P107,Desk,Furniture,Tables,2,12000,0.15,20400,8000,4400,UPI,Small Business,Store,21.57%,2025,Jul
ORD10256,22-10-2025,CUST1233,Pooja,Male,38,Mysuru,Karnataka,South,P107,Desk,Furniture,Tables,1,12000,0.1,10800,8000,2800,UPI,Corporate,Online,25.93%,2025,Oct
ORD10257,10-01-2025,CUST1054,Manoj,Female,51,Jaipur,Rajasthan,North,P101,Laptop,Electronics,Computers,1,52000,0.1,46800,39000,7800,Credit Card,Consumer,Online,16.67%,2025,Jan
ORD10258,17-09-2025,CUST1205,Rohan,Female,31,Kolkata,West Bengal,East,P105,Keyboard,Electronics,Accessories,1,1800,0.1,1620,1200,420,Credit Card,Consumer,Online,25.93%,2025,Sep
ORD10259,29-08-2025,CUST1154,Aditya,Female,41,Mysuru,Karnataka,South,P102,Smartphone,Electronics,Mobiles,1,28000,0.1,25200,22000,3200,Debit Card,Consumer,Store,12.70%,2025,Aug
ORD10260,06-06-2025,CUST1156,Meera,Male,20,Delhi,Delhi,North,P109,Backpack,Bags,Travel,1,2200,0.15,1870,1400,470,UPI,Corporate,Store,25.13%,2025,Jun
ORD10261,24-03-2025,CUST1177,Karthik,Female,31,Mumbai,Maharashtra,West,P104,Monitor,Electronics,Accessories,4,14000,0.2,44800,10500,2800,Debit Card,Consumer,Online,6.25%,2025,Mar
ORD10262,24-06-2025,CUST1023,Meera,Male,56,Coimbatore,Tamil Nadu,South,P101,Laptop,Electronics,Computers,2,52000,0.15,88400,39000,10400,Net Banking,Corporate,Store,11.76%,2025,Jun
ORD10263,20-05-2025,CUST1293,Nikhil,Male,56,Ahmedabad,Gujarat,West,P109,Backpack,Bags,Travel,1,2200,0.15,1870,1400,470,Credit Card,Consumer,Store,25.13%,2025,May
ORD10264,27-12-2025,CUST1013,Aditya,Male,32,Chennai,Tamil Nadu,South,P103,Tablet,Electronics,Tablets,2,22000,0.15,37400,16500,4400,UPI,Corporate,Online,11.76%,2025,Dec
ORD10265,10-04-2025,CUST1109,Pooja,Male,53,Mysuru,Karnataka,South,P106,Office Chair,Furniture,Chairs,2,8500,0.1,15300,5600,4100,UPI,Small Business,Online,26.80%,2025,Apr
ORD10266,28-01-2025,CUST1065,Sneha,Male,54,Coimbatore,Tamil Nadu,South,P103,Tablet,Electronics,Tablets,5,22000,0,110000,16500,27500,Debit Card,Small Business,Store,25.00%,2025,Jan
ORD10267,13-01-2025,CUST1165,Karthik,Female,21,Coimbatore,Tamil Nadu,South,P105,Keyboard,Electronics,Accessories,1,1800,0.15,1530,1200,330,UPI,Consumer,Online,21.57%,2025,Jan
ORD10268,01-07-2025,CUST1024,Meera,Male,55,Hyderabad,Telangana,South,P109,Backpack,Bags,Travel,1,2200,0.1,1980,1400,580,UPI,Consumer,Store,29.29%,2025,Jul
ORD10269,02-04-2025,CUST1186,Sanjay,Male,49,Coimbatore,Tamil Nadu,South,P107,Desk,Furniture,Tables,1,12000,0.05,11400,8000,3400,UPI,Consumer,Online,29.82%,2025,Apr
ORD10270,01-09-2025,CUST1126,Sanjay,Female,35,Ahmedabad,Gujarat,West,P105,Keyboard,Electronics,Accessories,2,1800,0.1,3240,1200,840,UPI,Corporate,Store,25.93%,2025,Sep
ORD10271,05-08-2025,CUST1045,Sneha,Female,22,Ahmedabad,Gujarat,West,P103,Tablet,Electronics,Tablets,2,22000,0.15,37400,16500,4400,Debit Card,Small Business,Online,11.76%,2025,Aug
ORD10272,14-04-2025,CUST1119,Vignesh,Female,51,Jaipur,Rajasthan,North,P112,Notebook,Stationery,Paper,2,450,0.1,810,280,250,Debit Card,Corporate,Online,30.86%,2025,Apr
ORD10273,18-07-2025,CUST1026,Nikhil,Male,38,Ahmedabad,Gujarat,West,P106,Office Chair,Furniture,Chairs,1,8500,0.15,7225,5600,1625,UPI,Small Business,Online,22.49%,2025,Jul
ORD10274,21-02-2025,CUST1102,Kavya,Male,60,Mysuru,Karnataka,South,P112,Notebook,Stationery,Paper,1,450,0.05,427.5,280,147.5,Debit Card,Corporate,Store,34.50%,2025,Feb
ORD10275,10-06-2025,CUST1226,Kavya,Female,40,Mumbai,Maharashtra,West,P104,Monitor,Electronics,Accessories,1,14000,0,14000,10500,3500,Net Banking,Corporate,Store,25.00%,2025,Jun
ORD10276,03-01-2025,CUST1006,Rohan,Female,52,Kochi,Kerala,South,P102,Smartphone,Electronics,Mobiles,1,28000,0.1,25200,22000,3200,UPI,Small Business,Online,12.70%,2025,Jan
ORD10277,21-12-2025,CUST1252,Vivek,Female,45,Coimbatore,Tamil Nadu,South,P112,Notebook,Stationery,Paper,5,450,0.05,2137.5,280,737.5,Credit Card,Consumer,Online,34.50%,2025,Dec
ORD10278,03-06-2025,CUST1260,Sanjay,Male,48,Hyderabad,Telangana,South,P102,Smartphone,Electronics,Mobiles,1,28000,0.05,26600,22000,4600,Net Banking,Small Business,Store,17.29%,2025,Jun
ORD10279,28-12-2025,CUST1008,Sneha,Male,49,Chennai,Tamil Nadu,South,P105,Keyboard,Electronics,Accessories,5,1800,0.1,8100,1200,2100,Debit Card,Corporate,Online,25.93%,2025,Dec
ORD10280,17-05-2025,CUST1074,Sneha,Male,47,Chennai,Tamil Nadu,South,P108,Bookshelf,Furniture,Storage,2,7000,0.1,12600,4700,3200,Net Banking,Consumer,Online,25.40%,2025,May
ORD10281,01-04-2025,CUST1278,Vignesh,Male,48,Kochi,Kerala,South,P108,Bookshelf,Furniture,Storage,1,7000,0.15,5950,4700,1250,Credit Card,Corporate,Online,21.01%,2025,Apr
ORD10282,09-05-2025,CUST1160,Ananya,Male,22,Delhi,Delhi,North,P109,Backpack,Bags,Travel,1,2200,0.2,1760,1400,360,UPI,Corporate,Store,20.45%,2025,May
ORD10283,01-10-2025,CUST1173,Manoj,Male,39,Jaipur,Rajasthan,North,P101,Laptop,Electronics,Computers,2,52000,0.05,98800,39000,20800,Credit Card,Consumer,Store,21.05%,2025,Oct
ORD10284,09-12-2025,CUST1266,Meera,Male,60,Kochi,Kerala,South,P101,Laptop,Electronics,Computers,3,52000,0.25,117000,39000,0,UPI,Small Business,Online,0.00%,2025,Dec
ORD10285,19-05-2025,CUST1149,Priya,Female,45,Ahmedabad,Gujarat,West,P108,Bookshelf,Furniture,Storage,4,7000,0.1,25200,4700,6400,Cash,Consumer,Online,25.40%,2025,May
ORD10286,12-05-2025,CUST1279,Nikhil,Female,34,Jaipur,Rajasthan,North,P107,Desk,Furniture,Tables,3,12000,0.1,32400,8000,8400,Credit Card,Consumer,Online,25.93%,2025,May
ORD10287,20-11-2025,CUST1271,Kavya,Male,20,Jaipur,Rajasthan,North,P103,Tablet,Electronics,Tablets,1,22000,0.1,19800,16500,3300,UPI,Small Business,Store,16.67%,2025,Nov
ORD10288,04-01-2025,CUST1290,Neha,Male,42,Chennai,Tamil Nadu,South,P104,Monitor,Electronics,Accessories,2,14000,0.05,26600,10500,5600,Net Banking,Consumer,Online,21.05%,2025,Jan
ORD10289,22-11-2025,CUST1138,Rohan,Male,58,Ahmedabad,Gujarat,West,P109,Backpack,Bags,Travel,2,2200,0,4400,1400,1600,UPI,Consumer,Online,36.36%,2025,Nov
ORD10290,07-02-2025,CUST1239,Divya,Male,32,Delhi,Delhi,North,P103,Tablet,Electronics,Tablets,2,22000,0.25,33000,16500,0,Credit Card,Consumer,Online,0.00%,2025,Feb
ORD10291,16-02-2025,CUST1228,Ananya,Female,41,Mysuru,Karnataka,South,P109,Backpack,Bags,Travel,1,2200,0,2200,1400,800,UPI,Corporate,Store,36.36%,2025,Feb
ORD10292,11-06-2025,CUST1255,Divya,Male,30,Jaipur,Rajasthan,North,P111,Printer,Electronics,Printers,2,12500,0.15,21250,9200,2850,Credit Card,Consumer,Online,13.41%,2025,Jun
ORD10293,29-08-2025,CUST1191,Swathi,Female,36,Ahmedabad,Gujarat,West,P104,Monitor,Electronics,Accessories,1,14000,0.1,12600,10500,2100,Net Banking,Small Business,Store,16.67%,2025,Aug
ORD10294,16-06-2025,CUST1126,Neha,Female,60,Mysuru,Karnataka,South,P107,Desk,Furniture,Tables,3,12000,0,36000,8000,12000,UPI,Consumer,Online,33.33%,2025,Jun
ORD10295,17-03-2025,CUST1175,Pooja,Male,20,Pune,Maharashtra,West,P104,Monitor,Electronics,Accessories,3,14000,0.15,35700,10500,4200,UPI,Consumer,Online,11.76%,2025,Mar
ORD10296,19-03-2025,CUST1289,Amit,Female,23,Chennai,Tamil Nadu,South,P104,Monitor,Electronics,Accessories,1,14000,0.15,11900,10500,1400,Credit Card,Consumer,Store,11.76%,2025,Mar
ORD10297,10-10-2025,CUST1013,Vivek,Female,54,Bengaluru,Karnataka,South,P101,Laptop,Electronics,Computers,2,52000,0.1,93600,39000,15600,Net Banking,Consumer,Store,16.67%,2025,Oct
ORD10298,02-01-2025,CUST1022,Swathi,Male,56,Mumbai,Maharashtra,West,P109,Backpack,Bags,Travel,2,2200,0.1,3960,1400,1160,UPI,Consumer,Store,29.29%,2025,Jan
ORD10299,24-11-2025,CUST1124,Arun,Male,31,Jaipur,Rajasthan,North,P102,Smartphone,Electronics,Mobiles,4,28000,0,112000,22000,24000,UPI,Consumer,Online,21.43%,2025,Nov
ORD10300,30-11-2025,CUST1069,Arun,Female,60,Delhi,Delhi,North,P101,Laptop,Electronics,Computers,1,52000,0.15,44200,39000,5200,Debit Card,Consumer,Online,11.76%,2025,Nov
ORD10301,20-03-2025,CUST1215,Amit,Male,38,Mumbai,Maharashtra,West,P107,Desk,Furniture,Tables,5,12000,0.15,51000,8000,11000,Debit Card,Corporate,Store,21.57%,2025,Mar
ORD10302,06-08-2025,CUST1062,Nikhil,Male,21,Chennai,Tamil Nadu,South,P108,Bookshelf,Furniture,Storage,4,7000,0.2,22400,4700,3600,Net Banking,Consumer,Online,16.07%,2025,Aug
ORD10303,07-08-2025,CUST1177,Sanjay,Male,22,Chennai,Tamil Nadu,South,P105,Keyboard,Electronics,Accessories,2,1800,0.1,3240,1200,840,UPI,Consumer,Online,25.93%,2025,Aug
ORD10304,22-10-2025,CUST1219,Kavya,Female,39,Kolkata,West Bengal,East,P112,Notebook,Stationery,Paper,2,450,0.25,675,280,115,UPI,Consumer,Online,17.04%,2025,Oct
ORD10305,17-10-2025,CUST1134,Kavya,Male,29,Hyderabad,Telangana,South,P104,Monitor,Electronics,Accessories,2,14000,0.05,26600,10500,5600,Credit Card,Corporate,Online,21.05%,2025,Oct
ORD10306,06-03-2025,CUST1083,Nikhil,Male,34,Mumbai,Maharashtra,West,P111,Printer,Electronics,Printers,1,12500,0,12500,9200,3300,UPI,Small Business,Online,26.40%,2025,Mar
ORD10307,11-10-2025,CUST1068,Ananya,Male,28,Delhi,Delhi,North,P108,Bookshelf,Furniture,Storage,2,7000,0.05,13300,4700,3900,Credit Card,Small Business,Online,29.32%,2025,Oct
ORD10308,10-10-2025,CUST1054,Aditya,Male,40,Delhi,Delhi,North,P110,Headphones,Electronics,Audio,5,3500,0,17500,2200,6500,Net Banking,Consumer,Online,37.14%,2025,Oct
ORD10309,14-12-2025,CUST1273,Meera,Male,60,Ahmedabad,Gujarat,West,P111,Printer,Electronics,Printers,1,12500,0.25,9375,9200,175,UPI,Corporate,Online,1.87%,2025,Dec
ORD10310,16-02-2025,CUST1063,Arun,Male,24,Pune,Maharashtra,West,P101,Laptop,Electronics,Computers,3,52000,0.15,132600,39000,15600,UPI,Small Business,Online,11.76%,2025,Feb
ORD10311,16-01-2025,CUST1094,Vivek,Male,29,Hyderabad,Telangana,South,P102,Smartphone,Electronics,Mobiles,1,28000,0.1,25200,22000,3200,Net Banking,Consumer,Online,12.70%,2025,Jan
ORD10312,01-04-2025,CUST1238,Rohan,Male,36,Hyderabad,Telangana,South,P108,Bookshelf,Furniture,Storage,2,7000,0.15,11900,4700,2500,Net Banking,Corporate,Online,21.01%,2025,Apr
ORD10313,17-05-2025,CUST1056,Rahul,Male,57,Coimbatore,Tamil Nadu,South,P101,Laptop,Electronics,Computers,1,52000,0.2,41600,39000,2600,Credit Card,Consumer,Online,6.25%,2025,May
ORD10314,19-05-2025,CUST1186,Pooja,Female,41,Coimbatore,Tamil Nadu,South,P105,Keyboard,Electronics,Accessories,1,1800,0.1,1620,1200,420,Credit Card,Consumer,Online,25.93%,2025,May
ORD10315,30-08-2025,CUST1121,Arun,Female,57,Coimbatore,Tamil Nadu,South,P104,Monitor,Electronics,Accessories,1,14000,0.15,11900,10500,1400,UPI,Consumer,Store,11.76%,2025,Aug
ORD10316,30-10-2025,CUST1084,Swathi,Male,23,Pune,Maharashtra,West,P112,Notebook,Stationery,Paper,2,450,0.15,765,280,205,UPI,Consumer,Online,26.80%,2025,Oct
ORD10317,15-11-2025,CUST1052,Pooja,Male,51,Kochi,Kerala,South,P108,Bookshelf,Furniture,Storage,2,7000,0.05,13300,4700,3900,Cash,Corporate,Online,29.32%,2025,Nov
ORD10318,01-08-2025,CUST1137,Karthik,Male,54,Kochi,Kerala,South,P101,Laptop,Electronics,Computers,1,52000,0.05,49400,39000,10400,UPI,Consumer,Store,21.05%,2025,Aug
ORD10319,09-11-2025,CUST1214,Divya,Male,56,Bengaluru,Karnataka,South,P107,Desk,Furniture,Tables,1,12000,0.1,10800,8000,2800,UPI,Corporate,Online,25.93%,2025,Nov
ORD10320,14-05-2025,CUST1108,Aditya,Female,41,Bengaluru,Karnataka,South,P107,Desk,Furniture,Tables,2,12000,0.2,19200,8000,3200,Credit Card,Consumer,Online,16.67%,2025,May
ORD10321,25-04-2025,CUST1162,Divya,Female,47,Hyderabad,Telangana,South,P110,Headphones,Electronics,Audio,1,3500,0.05,3325,2200,1125,UPI,Consumer,Online,33.83%,2025,Apr
ORD10322,13-03-2025,CUST1137,Kavya,Male,52,Delhi,Delhi,North,P103,Tablet,Electronics,Tablets,1,22000,0.2,17600,16500,1100,Credit Card,Corporate,Store,6.25%,2025,Mar
ORD10323,03-04-2025,CUST1239,Pooja,Female,48,Chennai,Tamil Nadu,South,P101,Laptop,Electronics,Computers,1,52000,0.1,46800,39000,7800,Credit Card,Small Business,Online,16.67%,2025,Apr
ORD10324,01-11-2025,CUST1103,Arun,Male,36,Kochi,Kerala,South,P105,Keyboard,Electronics,Accessories,3,1800,0.05,5130,1200,1530,Cash,Corporate,Online,29.82%,2025,Nov
ORD10325,25-01-2025,CUST1156,Divya,Female,20,Mysuru,Karnataka,South,P105,Keyboard,Electronics,Accessories,2,1800,0.05,3420,1200,1020,Credit Card,Small Business,Online,29.82%,2025,Jan
ORD10326,05-12-2025,CUST1147,Rahul,Male,34,Hyderabad,Telangana,South,P112,Notebook,Stationery,Paper,1,450,0.1,405,280,125,Credit Card,Consumer,Online,30.86%,2025,Dec
ORD10327,12-08-2025,CUST1136,Karthik,Female,59,Chennai,Tamil Nadu,South,P108,Bookshelf,Furniture,Storage,4,7000,0.05,26600,4700,7800,Net Banking,Consumer,Online,29.32%,2025,Aug
ORD10328,20-01-2025,CUST1221,Nikhil,Male,22,Chennai,Tamil Nadu,South,P102,Smartphone,Electronics,Mobiles,1,28000,0.25,21000,22000,-1000,UPI,Consumer,Online,-4.76%,2025,Jan
ORD10329,27-11-2025,CUST1122,Meera,Female,46,Jaipur,Rajasthan,North,P111,Printer,Electronics,Printers,1,12500,0.1,11250,9200,2050,UPI,Small Business,Store,18.22%,2025,Nov
ORD10330,26-07-2025,CUST1048,Sneha,Female,28,Coimbatore,Tamil Nadu,South,P109,Backpack,Bags,Travel,2,2200,0,4400,1400,1600,Credit Card,Corporate,Store,36.36%,2025,Jul
ORD10331,30-07-2025,CUST1192,Sanjay,Male,26,Kochi,Kerala,South,P107,Desk,Furniture,Tables,2,12000,0,24000,8000,8000,Debit Card,Consumer,Online,33.33%,2025,Jul
ORD10332,04-10-2025,CUST1064,Sneha,Female,56,Bengaluru,Karnataka,South,P110,Headphones,Electronics,Audio,1,3500,0.1,3150,2200,950,Credit Card,Corporate,Online,30.16%,2025,Oct
ORD10333,09-11-2025,CUST1040,Pooja,Male,21,Delhi,Delhi,North,P111,Printer,Electronics,Printers,1,12500,0.1,11250,9200,2050,Credit Card,Small Business,Online,18.22%,2025,Nov
ORD10334,12-12-2025,CUST1279,Aditya,Female,51,Kochi,Kerala,South,P101,Laptop,Electronics,Computers,2,52000,0.1,93600,39000,15600,Credit Card,Consumer,Online,16.67%,2025,Dec
ORD10335,22-06-2025,CUST1156,Amit,Male,46,Delhi,Delhi,North,P103,Tablet,Electronics,Tablets,2,22000,0.05,41800,16500,8800,Credit Card,Consumer,Store,21.05%,2025,Jun
ORD10336,23-12-2025,CUST1204,Arun,Female,27,Jaipur,Rajasthan,North,P104,Monitor,Electronics,Accessories,5,14000,0.15,59500,10500,7000,UPI,Consumer,Online,11.76%,2025,Dec
ORD10337,29-10-2025,CUST1178,Vivek,Female,44,Hyderabad,Telangana,South,P105,Keyboard,Electronics,Accessories,3,1800,0.1,4860,1200,1260,Net Banking,Small Business,Online,25.93%,2025,Oct
ORD10338,21-09-2025,CUST1182,Karthik,Female,46,Kolkata,West Bengal,East,P107,Desk,Furniture,Tables,2,12000,0,24000,8000,8000,Net Banking,Consumer,Store,33.33%,2025,Sep
ORD10339,23-05-2025,CUST1253,Pooja,Male,54,Hyderabad,Telangana,South,P110,Headphones,Electronics,Audio,5,3500,0.05,16625,2200,5625,UPI,Consumer,Store,33.83%,2025,May
ORD10340,15-06-2025,CUST1114,Neha,Female,55,Coimbatore,Tamil Nadu,South,P111,Printer,Electronics,Printers,2,12500,0.05,23750,9200,5350,UPI,Small Business,Online,22.53%,2025,Jun
ORD10341,18-05-2025,CUST1025,Sneha,Male,48,Hyderabad,Telangana,South,P103,Tablet,Electronics,Tablets,2,22000,0.2,35200,16500,2200,Debit Card,Consumer,Store,6.25%,2025,May
ORD10342,19-05-2025,CUST1110,Rahul,Male,47,Ahmedabad,Gujarat,West,P111,Printer,Electronics,Printers,1,12500,0.1,11250,9200,2050,Credit Card,Consumer,Store,18.22%,2025,May
ORD10343,15-06-2025,CUST1014,Meera,Female,30,Chennai,Tamil Nadu,South,P112,Notebook,Stationery,Paper,2,450,0.15,765,280,205,Cash,Consumer,Store,26.80%,2025,Jun
ORD10344,09-12-2025,CUST1059,Divya,Female,29,Jaipur,Rajasthan,North,P108,Bookshelf,Furniture,Storage,4,7000,0.1,25200,4700,6400,Credit Card,Corporate,Store,25.40%,2025,Dec
ORD10345,28-07-2025,CUST1093,Amit,Female,39,Kolkata,West Bengal,East,P101,Laptop,Electronics,Computers,2,52000,0.1,93600,39000,15600,Debit Card,Consumer,Online,16.67%,2025,Jul
ORD10346,11-05-2025,CUST1156,Pooja,Male,21,Kolkata,West Bengal,East,P112,Notebook,Stationery,Paper,3,450,0.25,1012.5,280,172.5,Credit Card,Consumer,Store,17.04%,2025,May
ORD10347,30-05-2025,CUST1148,Rohan,Male,59,Mysuru,Karnataka,South,P110,Headphones,Electronics,Audio,2,3500,0.05,6650,2200,2250,UPI,Small Business,Online,33.83%,2025,May
ORD10348,27-08-2025,CUST1155,Divya,Male,39,Mysuru,Karnataka,South,P107,Desk,Furniture,Tables,1,12000,0.2,9600,8000,1600,UPI,Corporate,Online,16.67%,2025,Aug
ORD10349,03-10-2025,CUST1231,Sanjay,Male,36,Kolkata,West Bengal,East,P109,Backpack,Bags,Travel,4,2200,0.15,7480,1400,1880,Cash,Small Business,Online,25.13%,2025,Oct
ORD10350,17-10-2025,CUST1251,Manoj,Female,57,Chennai,Tamil Nadu,South,P111,Printer,Electronics,Printers,1,12500,0.05,11875,9200,2675,Net Banking,Consumer,Online,22.53%,2025,Oct
ORD10351,13-03-2025,CUST1296,Sanjay,Female,42,Hyderabad,Telangana,South,P104,Monitor,Electronics,Accessories,5,14000,0,70000,10500,17500,Debit Card,Consumer,Online,25.00%,2025,Mar
ORD10352,05-05-2025,CUST1013,Sneha,Male,45,Coimbatore,Tamil Nadu,South,P108,Bookshelf,Furniture,Storage,3,7000,0.05,19950,4700,5850,Cash,Consumer,Online,29.32%,2025,May
ORD10353,11-01-2025,CUST1096,Vignesh,Female,57,Kolkata,West Bengal,East,P108,Bookshelf,Furniture,Storage,1,7000,0.1,6300,4700,1600,Debit Card,Consumer,Online,25.40%,2025,Jan
ORD10354,04-09-2025,CUST1223,Nikhil,Male,53,Coimbatore,Tamil Nadu,South,P112,Notebook,Stationery,Paper,1,450,0,450,280,170,Credit Card,Corporate,Online,37.78%,2025,Sep
ORD10355,28-09-2025,CUST1167,Pooja,Male,51,Coimbatore,Tamil Nadu,South,P103,Tablet,Electronics,Tablets,2,22000,0.2,35200,16500,2200,Net Banking,Consumer,Online,6.25%,2025,Sep
ORD10356,30-07-2025,CUST1249,Priya,Female,37,Ahmedabad,Gujarat,West,P102,Smartphone,Electronics,Mobiles,1,28000,0.1,25200,22000,3200,UPI,Corporate,Online,12.70%,2025,Jul
ORD10357,18-03-2025,CUST1188,Amit,Male,23,Bengaluru,Karnataka,South,P108,Bookshelf,Furniture,Storage,3,7000,0.1,18900,4700,4800,Net Banking,Small Business,Store,25.40%,2025,Mar
ORD10358,22-02-2025,CUST1222,Priya,Female,22,Delhi,Delhi,North,P111,Printer,Electronics,Printers,1,12500,0.15,10625,9200,1425,UPI,Small Business,Online,13.41%,2025,Feb
ORD10359,06-01-2025,CUST1206,Priya,Female,22,Kolkata,West Bengal,East,P106,Office Chair,Furniture,Chairs,2,8500,0.05,16150,5600,4950,Net Banking,Consumer,Store,30.65%,2025,Jan
ORD10360,11-09-2025,CUST1213,Manoj,Male,41,Mumbai,Maharashtra,West,P105,Keyboard,Electronics,Accessories,2,1800,0.05,3420,1200,1020,Debit Card,Corporate,Online,29.82%,2025,Sep
ORD10361,30-09-2025,CUST1058,Rohan,Female,46,Mumbai,Maharashtra,West,P101,Laptop,Electronics,Computers,1,52000,0.05,49400,39000,10400,UPI,Consumer,Online,21.05%,2025,Sep
ORD10362,05-06-2025,CUST1189,Vivek,Male,21,Mysuru,Karnataka,South,P110,Headphones,Electronics,Audio,2,3500,0,7000,2200,2600,Debit Card,Consumer,Store,37.14%,2025,Jun
ORD10363,29-05-2025,CUST1112,Neha,Female,38,Chennai,Tamil Nadu,South,P102,Smartphone,Electronics,Mobiles,1,28000,0,28000,22000,6000,Credit Card,Small Business,Online,21.43%,2025,May
ORD10364,09-11-2025,CUST1137,Kavya,Male,54,Jaipur,Rajasthan,North,P105,Keyboard,Electronics,Accessories,2,1800,0.05,3420,1200,1020,Debit Card,Consumer,Online,29.82%,2025,Nov
ORD10365,13-03-2025,CUST1155,Sanjay,Male,59,Bengaluru,Karnataka,South,P112,Notebook,Stationery,Paper,2,450,0.2,720,280,160,UPI,Consumer,Online,22.22%,2025,Mar
ORD10366,07-12-2025,CUST1056,Karthik,Female,57,Bengaluru,Karnataka,South,P101,Laptop,Electronics,Computers,1,52000,0.15,44200,39000,5200,UPI,Small Business,Online,11.76%,2025,Dec
ORD10367,01-11-2025,CUST1149,Swathi,Female,59,Bengaluru,Karnataka,South,P109,Backpack,Bags,Travel,1,2200,0.05,2090,1400,690,Net Banking,Consumer,Online,33.01%,2025,Nov
ORD10368,29-04-2025,CUST1293,Swathi,Female,23,Kolkata,West Bengal,East,P103,Tablet,Electronics,Tablets,1,22000,0.15,18700,16500,2200,UPI,Small Business,Online,11.76%,2025,Apr
ORD10369,04-09-2025,CUST1188,Amit,Male,54,Kochi,Kerala,South,P104,Monitor,Electronics,Accessories,2,14000,0.15,23800,10500,2800,UPI,Consumer,Store,11.76%,2025,Sep
ORD10370,27-07-2025,CUST1137,Kavya,Female,31,Chennai,Tamil Nadu,South,P110,Headphones,Electronics,Audio,5,3500,0.1,15750,2200,4750,UPI,Consumer,Online,30.16%,2025,Jul
ORD10371,14-03-2025,CUST1282,Manoj,Female,59,Hyderabad,Telangana,South,P102,Smartphone,Electronics,Mobiles,1,28000,0.1,25200,22000,3200,Credit Card,Small Business,Store,12.70%,2025,Mar
ORD10372,15-04-2025,CUST1181,Sanjay,Female,53,Mysuru,Karnataka,South,P110,Headphones,Electronics,Audio,1,3500,0,3500,2200,1300,Cash,Consumer,Store,37.14%,2025,Apr
ORD10373,03-09-2025,CUST1089,Rahul,Female,22,Jaipur,Rajasthan,North,P104,Monitor,Electronics,Accessories,1,14000,0,14000,10500,3500,UPI,Consumer,Store,25.00%,2025,Sep
ORD10374,21-10-2025,CUST1253,Kavya,Female,34,Pune,Maharashtra,West,P106,Office Chair,Furniture,Chairs,2,8500,0.1,15300,5600,4100,Credit Card,Consumer,Online,26.80%,2025,Oct
ORD10375,30-10-2025,CUST1091,Aditya,Male,47,Delhi,Delhi,North,P105,Keyboard,Electronics,Accessories,4,1800,0.05,6840,1200,2040,Cash,Consumer,Store,29.82%,2025,Oct
ORD10376,19-07-2025,CUST1203,Vignesh,Female,56,Chennai,Tamil Nadu,South,P108,Bookshelf,Furniture,Storage,2,7000,0.2,11200,4700,1800,UPI,Small Business,Online,16.07%,2025,Jul
ORD10377,07-07-2025,CUST1030,Meera,Female,31,Mysuru,Karnataka,South,P109,Backpack,Bags,Travel,2,2200,0.15,3740,1400,940,Cash,Corporate,Store,25.13%,2025,Jul
ORD10378,11-08-2025,CUST1186,Kavya,Female,50,Coimbatore,Tamil Nadu,South,P106,Office Chair,Furniture,Chairs,5,8500,0.05,40375,5600,12375,UPI,Corporate,Online,30.65%,2025,Aug
ORD10379,10-07-2025,CUST1182,Nikhil,Male,34,Pune,Maharashtra,West,P108,Bookshelf,Furniture,Storage,2,7000,0.05,13300,4700,3900,Cash,Consumer,Online,29.32%,2025,Jul
ORD10380,25-05-2025,CUST1166,Neha,Female,33,Bengaluru,Karnataka,South,P108,Bookshelf,Furniture,Storage,1,7000,0.05,6650,4700,1950,Net Banking,Corporate,Online,29.32%,2025,May
ORD10381,02-09-2025,CUST1163,Karthik,Male,41,Delhi,Delhi,North,P108,Bookshelf,Furniture,Storage,2,7000,0.15,11900,4700,2500,UPI,Consumer,Online,21.01%,2025,Sep
ORD10382,30-08-2025,CUST1146,Sneha,Male,33,Kochi,Kerala,South,P105,Keyboard,Electronics,Accessories,1,1800,0,1800,1200,600,Cash,Consumer,Online,33.33%,2025,Aug
ORD10383,10-04-2025,CUST1163,Vivek,Female,59,Mysuru,Karnataka,South,P103,Tablet,Electronics,Tablets,1,22000,0.15,18700,16500,2200,UPI,Consumer,Store,11.76%,2025,Apr
ORD10384,10-11-2025,CUST1128,Amit,Male,34,Bengaluru,Karnataka,South,P102,Smartphone,Electronics,Mobiles,1,28000,0.15,23800,22000,1800,UPI,Consumer,Online,7.56%,2025,Nov
ORD10385,25-08-2025,CUST1194,Priya,Female,27,Mumbai,Maharashtra,West,P112,Notebook,Stationery,Paper,1,450,0,450,280,170,Credit Card,Corporate,Store,37.78%,2025,Aug
ORD10386,13-04-2025,CUST1125,Vivek,Male,49,Kolkata,West Bengal,East,P102,Smartphone,Electronics,Mobiles,1,28000,0.1,25200,22000,3200,Debit Card,Consumer,Store,12.70%,2025,Apr
ORD10387,31-05-2025,CUST1122,Amit,Female,23,Coimbatore,Tamil Nadu,South,P107,Desk,Furniture,Tables,1,12000,0.2,9600,8000,1600,Debit Card,Consumer,Online,16.67%,2025,May
ORD10388,31-07-2025,CUST1006,Vivek,Female,22,Kochi,Kerala,South,P108,Bookshelf,Furniture,Storage,1,7000,0.05,6650,4700,1950,Cash,Corporate,Store,29.32%,2025,Jul
ORD10389,02-08-2025,CUST1291,Arun,Female,41,Bengaluru,Karnataka,South,P104,Monitor,Electronics,Accessories,2,14000,0.05,26600,10500,5600,Debit Card,Consumer,Store,21.05%,2025,Aug
ORD10390,13-08-2025,CUST1018,Neha,Male,60,Ahmedabad,Gujarat,West,P103,Tablet,Electronics,Tablets,2,22000,0.1,39600,16500,6600,UPI,Consumer,Store,16.67%,2025,Aug
ORD10391,25-08-2025,CUST1248,Vivek,Male,44,Mumbai,Maharashtra,West,P105,Keyboard,Electronics,Accessories,2,1800,0.1,3240,1200,840,Debit Card,Corporate,Store,25.93%,2025,Aug
ORD10392,17-02-2025,CUST1226,Nikhil,Male,30,Ahmedabad,Gujarat,West,P107,Desk,Furniture,Tables,1,12000,0,12000,8000,4000,UPI,Small Business,Store,33.33%,2025,Feb
ORD10393,28-11-2025,CUST1121,Nikhil,Female,30,Bengaluru,Karnataka,South,P107,Desk,Furniture,Tables,1,12000,0.2,9600,8000,1600,Credit Card,Consumer,Store,16.67%,2025,Nov
ORD10394,27-08-2025,CUST1298,Sanjay,Female,32,Kochi,Kerala,South,P111,Printer,Electronics,Printers,4,12500,0.15,42500,9200,5700,Credit Card,Consumer,Online,13.41%,2025,Aug
ORD10395,10-07-2025,CUST1063,Rohan,Female,31,Mysuru,Karnataka,South,P111,Printer,Electronics,Printers,2,12500,0.15,21250,9200,2850,UPI,Consumer,Online,13.41%,2025,Jul
ORD10396,31-03-2025,CUST1208,Sneha,Female,48,Kolkata,West Bengal,East,P101,Laptop,Electronics,Computers,1,52000,0,52000,39000,13000,Credit Card,Consumer,Online,25.00%,2025,Mar
ORD10397,20-10-2025,CUST1285,Priya,Male,55,Jaipur,Rajasthan,North,P110,Headphones,Electronics,Audio,1,3500,0.1,3150,2200,950,Debit Card,Corporate,Online,30.16%,2025,Oct
ORD10398,28-05-2025,CUST1281,Karthik,Male,55,Pune,Maharashtra,West,P105,Keyboard,Electronics,Accessories,2,1800,0,3600,1200,1200,UPI,Consumer,Online,33.33%,2025,May
ORD10399,03-02-2025,CUST1141,Meera,Female,48,Mumbai,Maharashtra,West,P106,Office Chair,Furniture,Chairs,2,8500,0.05,16150,5600,4950,UPI,Consumer,Online,30.65%,2025,Feb
ORD10400,26-04-2025,CUST1239,Kavya,Male,39,Jaipur,Rajasthan,North,P109,Backpack,Bags,Travel,1,2200,0.1,1980,1400,580,Debit Card,Small Business,Online,29.29%,2025,Apr
ORD10401,20-11-2025,CUST1300,Rahul,Male,28,Jaipur,Rajasthan,North,P104,Monitor,Electronics,Accessories,2,14000,0.05,26600,10500,5600,UPI,Small Business,Store,21.05%,2025,Nov
ORD10402,05-04-2025,CUST1181,Rahul,Male,29,Ahmedabad,Gujarat,West,P103,Tablet,Electronics,Tablets,1,22000,0.1,19800,16500,3300,Credit Card,Consumer,Online,16.67%,2025,Apr
ORD10403,07-12-2025,CUST1004,Ananya,Female,31,Pune,Maharashtra,West,P107,Desk,Furniture,Tables,1,12000,0.05,11400,8000,3400,UPI,Small Business,Store,29.82%,2025,Dec
ORD10404,16-04-2025,CUST1280,Sneha,Female,38,Coimbatore,Tamil Nadu,South,P101,Laptop,Electronics,Computers,2,52000,0.15,88400,39000,10400,UPI,Small Business,Store,11.76%,2025,Apr
ORD10405,01-07-2025,CUST1144,Rahul,Female,49,Coimbatore,Tamil Nadu,South,P103,Tablet,Electronics,Tablets,1,22000,0.2,17600,16500,1100,UPI,Consumer,Online,6.25%,2025,Jul
ORD10406,27-12-2025,CUST1042,Kavya,Male,35,Coimbatore,Tamil Nadu,South,P110,Headphones,Electronics,Audio,4,3500,0.05,13300,2200,4500,UPI,Consumer,Store,33.83%,2025,Dec
ORD10407,30-03-2025,CUST1012,Rohan,Male,31,Ahmedabad,Gujarat,West,P111,Printer,Electronics,Printers,5,12500,0.05,59375,9200,13375,UPI,Corporate,Store,22.53%,2025,Mar
ORD10408,04-05-2025,CUST1164,Rahul,Male,33,Jaipur,Rajasthan,North,P104,Monitor,Electronics,Accessories,2,14000,0.1,25200,10500,4200,UPI,Small Business,Online,16.67%,2025,May
ORD10409,30-11-2025,CUST1146,Amit,Female,31,Jaipur,Rajasthan,North,P104,Monitor,Electronics,Accessories,1,14000,0,14000,10500,3500,UPI,Small Business,Store,25.00%,2025,Nov
ORD10410,13-06-2025,CUST1148,Aditya,Female,22,Mumbai,Maharashtra,West,P106,Office Chair,Furniture,Chairs,2,8500,0.05,16150,5600,4950,UPI,Corporate,Online,30.65%,2025,Jun
ORD10411,19-08-2025,CUST1206,Karthik,Female,35,Mumbai,Maharashtra,West,P105,Keyboard,Electronics,Accessories,1,1800,0,1800,1200,600,Net Banking,Small Business,Online,33.33%,2025,Aug
ORD10412,08-04-2025,CUST1261,Pooja,Male,42,Bengaluru,Karnataka,South,P112,Notebook,Stationery,Paper,3,450,0.2,1080,280,240,Debit Card,Corporate,Online,22.22%,2025,Apr
ORD10413,24-03-2025,CUST1110,Rohan,Male,39,Pune,Maharashtra,West,P101,Laptop,Electronics,Computers,2,52000,0.05,98800,39000,20800,Credit Card,Consumer,Online,21.05%,2025,Mar
ORD10414,07-08-2025,CUST1089,Rohan,Male,20,Delhi,Delhi,North,P109,Backpack,Bags,Travel,2,2200,0.25,3300,1400,500,UPI,Consumer,Online,15.15%,2025,Aug
ORD10415,16-01-2025,CUST1099,Manoj,Female,22,Kolkata,West Bengal,East,P106,Office Chair,Furniture,Chairs,1,8500,0,8500,5600,2900,Cash,Consumer,Online,34.12%,2025,Jan
ORD10416,29-01-2025,CUST1112,Swathi,Male,22,Chennai,Tamil Nadu,South,P101,Laptop,Electronics,Computers,2,52000,0.15,88400,39000,10400,Debit Card,Corporate,Online,11.76%,2025,Jan
ORD10417,02-10-2025,CUST1102,Pooja,Male,32,Mumbai,Maharashtra,West,P104,Monitor,Electronics,Accessories,2,14000,0.2,22400,10500,1400,Debit Card,Corporate,Online,6.25%,2025,Oct
ORD10418,19-07-2025,CUST1298,Vivek,Male,45,Delhi,Delhi,North,P105,Keyboard,Electronics,Accessories,1,1800,0.05,1710,1200,510,UPI,Consumer,Store,29.82%,2025,Jul
ORD10419,26-07-2025,CUST1267,Nikhil,Male,30,Hyderabad,Telangana,South,P108,Bookshelf,Furniture,Storage,3,7000,0.25,15750,4700,1650,UPI,Consumer,Store,10.48%,2025,Jul
ORD10420,21-12-2025,CUST1232,Rohan,Male,26,Delhi,Delhi,North,P104,Monitor,Electronics,Accessories,2,14000,0,28000,10500,7000,Debit Card,Consumer,Online,25.00%,2025,Dec
ORD10421,27-04-2025,CUST1046,Vivek,Male,32,Delhi,Delhi,North,P110,Headphones,Electronics,Audio,2,3500,0.05,6650,2200,2250,Debit Card,Corporate,Online,33.83%,2025,Apr
ORD10422,02-05-2025,CUST1011,Divya,Male,42,Mumbai,Maharashtra,West,P106,Office Chair,Furniture,Chairs,1,8500,0.15,7225,5600,1625,UPI,Corporate,Online,22.49%,2025,May
ORD10423,27-09-2025,CUST1035,Neha,Male,35,Delhi,Delhi,North,P109,Backpack,Bags,Travel,1,2200,0,2200,1400,800,UPI,Small Business,Store,36.36%,2025,Sep
ORD10424,16-02-2025,CUST1181,Manoj,Female,57,Ahmedabad,Gujarat,West,P108,Bookshelf,Furniture,Storage,1,7000,0.1,6300,4700,1600,Credit Card,Consumer,Store,25.40%,2025,Feb
ORD10425,02-11-2025,CUST1230,Manoj,Male,20,Chennai,Tamil Nadu,South,P101,Laptop,Electronics,Computers,1,52000,0.05,49400,39000,10400,UPI,Corporate,Online,21.05%,2025,Nov
ORD10426,12-03-2025,CUST1178,Divya,Male,54,Mysuru,Karnataka,South,P104,Monitor,Electronics,Accessories,2,14000,0.05,26600,10500,5600,UPI,Consumer,Online,21.05%,2025,Mar
ORD10427,26-05-2025,CUST1156,Vivek,Male,50,Mysuru,Karnataka,South,P104,Monitor,Electronics,Accessories,2,14000,0.1,25200,10500,4200,Credit Card,Consumer,Store,16.67%,2025,May
ORD10428,05-10-2025,CUST1203,Rahul,Female,31,Jaipur,Rajasthan,North,P110,Headphones,Electronics,Audio,1,3500,0.05,3325,2200,1125,Cash,Corporate,Online,33.83%,2025,Oct
ORD10429,31-03-2025,CUST1237,Karthik,Female,27,Bengaluru,Karnataka,South,P107,Desk,Furniture,Tables,1,12000,0.25,9000,8000,1000,Cash,Consumer,Online,11.11%,2025,Mar
ORD10430,12-01-2025,CUST1118,Ananya,Male,40,Ahmedabad,Gujarat,West,P105,Keyboard,Electronics,Accessories,3,1800,0,5400,1200,1800,UPI,Consumer,Online,33.33%,2025,Jan
ORD10431,01-10-2025,CUST1259,Ananya,Male,37,Chennai,Tamil Nadu,South,P105,Keyboard,Electronics,Accessories,2,1800,0.1,3240,1200,840,UPI,Consumer,Online,25.93%,2025,Oct
ORD10432,15-07-2025,CUST1098,Rahul,Female,25,Kochi,Kerala,South,P111,Printer,Electronics,Printers,1,12500,0.05,11875,9200,2675,Credit Card,Consumer,Online,22.53%,2025,Jul
ORD10433,29-04-2025,CUST1265,Pooja,Female,51,Jaipur,Rajasthan,North,P111,Printer,Electronics,Printers,2,12500,0.05,23750,9200,5350,Cash,Corporate,Online,22.53%,2025,Apr
ORD10434,03-05-2025,CUST1266,Kavya,Male,25,Kochi,Kerala,South,P111,Printer,Electronics,Printers,2,12500,0.05,23750,9200,5350,UPI,Small Business,Store,22.53%,2025,May
ORD10435,24-06-2025,CUST1179,Priya,Male,27,Kolkata,West Bengal,East,P103,Tablet,Electronics,Tablets,1,22000,0.05,20900,16500,4400,Credit Card,Corporate,Store,21.05%,2025,Jun
ORD10436,12-04-2025,CUST1226,Divya,Female,43,Pune,Maharashtra,West,P112,Notebook,Stationery,Paper,1,450,0,450,280,170,Credit Card,Consumer,Online,37.78%,2025,Apr
ORD10437,11-12-2025,CUST1188,Amit,Female,33,Kolkata,West Bengal,East,P108,Bookshelf,Furniture,Storage,1,7000,0.2,5600,4700,900,UPI,Consumer,Store,16.07%,2025,Dec
ORD10438,12-02-2025,CUST1284,Aditya,Male,47,Mysuru,Karnataka,South,P105,Keyboard,Electronics,Accessories,1,1800,0.2,1440,1200,240,Debit Card,Consumer,Online,16.67%,2025,Feb
ORD10439,06-09-2025,CUST1006,Vivek,Female,58,Mumbai,Maharashtra,West,P108,Bookshelf,Furniture,Storage,2,7000,0,14000,4700,4600,UPI,Consumer,Online,32.86%,2025,Sep
ORD10440,28-10-2025,CUST1175,Sanjay,Male,32,Chennai,Tamil Nadu,South,P106,Office Chair,Furniture,Chairs,2,8500,0.15,14450,5600,3250,UPI,Consumer,Store,22.49%,2025,Oct
ORD10441,14-02-2025,CUST1216,Divya,Male,41,Jaipur,Rajasthan,North,P103,Tablet,Electronics,Tablets,1,22000,0.2,17600,16500,1100,UPI,Corporate,Online,6.25%,2025,Feb
ORD10442,28-01-2025,CUST1180,Neha,Male,45,Coimbatore,Tamil Nadu,South,P107,Desk,Furniture,Tables,1,12000,0.1,10800,8000,2800,Net Banking,Corporate,Online,25.93%,2025,Jan
ORD10443,28-01-2025,CUST1173,Amit,Female,41,Jaipur,Rajasthan,North,P106,Office Chair,Furniture,Chairs,2,8500,0,17000,5600,5800,Cash,Small Business,Store,34.12%,2025,Jan
ORD10444,29-12-2025,CUST1158,Pooja,Male,37,Delhi,Delhi,North,P101,Laptop,Electronics,Computers,1,52000,0.15,44200,39000,5200,Credit Card,Consumer,Online,11.76%,2025,Dec
ORD10445,30-10-2025,CUST1168,Swathi,Female,26,Mysuru,Karnataka,South,P107,Desk,Furniture,Tables,2,12000,0.05,22800,8000,6800,Debit Card,Corporate,Online,29.82%,2025,Oct
ORD10446,31-03-2025,CUST1296,Vivek,Male,32,Pune,Maharashtra,West,P109,Backpack,Bags,Travel,2,2200,0.15,3740,1400,940,Credit Card,Consumer,Store,25.13%,2025,Mar
ORD10447,27-02-2025,CUST1297,Karthik,Male,57,Bengaluru,Karnataka,South,P112,Notebook,Stationery,Paper,2,450,0.05,855,280,295,UPI,Consumer,Online,34.50%,2025,Feb
ORD10448,19-01-2025,CUST1146,Neha,Female,43,Jaipur,Rajasthan,North,P103,Tablet,Electronics,Tablets,2,22000,0,44000,16500,11000,Credit Card,Small Business,Online,25.00%,2025,Jan
ORD10449,14-08-2025,CUST1221,Swathi,Male,38,Coimbatore,Tamil Nadu,South,P101,Laptop,Electronics,Computers,1,52000,0.1,46800,39000,7800,Credit Card,Consumer,Online,16.67%,2025,Aug
ORD10450,26-12-2025,CUST1034,Pooja,Female,40,Hyderabad,Telangana,South,P110,Headphones,Electronics,Audio,1,3500,0.05,3325,2200,1125,Credit Card,Corporate,Online,33.83%,2025,Dec
ORD10451,01-10-2025,CUST1088,Manoj,Male,28,Kochi,Kerala,South,P107,Desk,Furniture,Tables,2,12000,0.15,20400,8000,4400,Credit Card,Consumer,Store,21.57%,2025,Oct
ORD10452,09-04-2025,CUST1069,Vignesh,Female,34,Kochi,Kerala,South,P109,Backpack,Bags,Travel,4,2200,0,8800,1400,3200,Debit Card,Corporate,Store,36.36%,2025,Apr
ORD10453,08-03-2025,CUST1191,Amit,Female,28,Kochi,Kerala,South,P110,Headphones,Electronics,Audio,1,3500,0,3500,2200,1300,UPI,Consumer,Store,37.14%,2025,Mar
ORD10454,15-03-2025,CUST1073,Manoj,Male,21,Mumbai,Maharashtra,West,P110,Headphones,Electronics,Audio,1,3500,0.15,2975,2200,775,Debit Card,Small Business,Online,26.05%,2025,Mar
ORD10455,28-06-2025,CUST1197,Aditya,Female,36,Pune,Maharashtra,West,P107,Desk,Furniture,Tables,4,12000,0.05,45600,8000,13600,UPI,Small Business,Online,29.82%,2025,Jun
ORD10456,09-04-2025,CUST1082,Meera,Female,39,Kochi,Kerala,South,P112,Notebook,Stationery,Paper,2,450,0.05,855,280,295,Debit Card,Consumer,Online,34.50%,2025,Apr
ORD10457,04-02-2025,CUST1183,Amit,Male,38,Kolkata,West Bengal,East,P103,Tablet,Electronics,Tablets,3,22000,0.15,56100,16500,6600,Net Banking,Consumer,Online,11.76%,2025,Feb
ORD10458,08-08-2025,CUST1080,Manoj,Male,36,Delhi,Delhi,North,P109,Backpack,Bags,Travel,1,2200,0.05,2090,1400,690,UPI,Small Business,Store,33.01%,2025,Aug
ORD10459,03-08-2025,CUST1134,Neha,Female,43,Mumbai,Maharashtra,West,P102,Smartphone,Electronics,Mobiles,1,28000,0.15,23800,22000,1800,UPI,Consumer,Online,7.56%,2025,Aug
ORD10460,31-03-2025,CUST1176,Ananya,Female,27,Hyderabad,Telangana,South,P112,Notebook,Stationery,Paper,1,450,0,450,280,170,Cash,Consumer,Store,37.78%,2025,Mar
ORD10461,19-07-2025,CUST1196,Priya,Male,22,Ahmedabad,Gujarat,West,P107,Desk,Furniture,Tables,5,12000,0.1,54000,8000,14000,UPI,Consumer,Store,25.93%,2025,Jul
ORD10462,03-05-2025,CUST1298,Arun,Female,55,Delhi,Delhi,North,P111,Printer,Electronics,Printers,1,12500,0.05,11875,9200,2675,Credit Card,Consumer,Online,22.53%,2025,May
ORD10463,26-04-2025,CUST1270,Vivek,Male,50,Hyderabad,Telangana,South,P105,Keyboard,Electronics,Accessories,2,1800,0,3600,1200,1200,UPI,Consumer,Online,33.33%,2025,Apr
ORD10464,20-03-2025,CUST1070,Kavya,Female,55,Chennai,Tamil Nadu,South,P102,Smartphone,Electronics,Mobiles,1,28000,0.05,26600,22000,4600,UPI,Corporate,Online,17.29%,2025,Mar
ORD10465,13-09-2025,CUST1222,Manoj,Male,32,Chennai,Tamil Nadu,South,P109,Backpack,Bags,Travel,2,2200,0.1,3960,1400,1160,Net Banking,Consumer,Online,29.29%,2025,Sep
ORD10466,11-07-2025,CUST1253,Karthik,Female,27,Chennai,Tamil Nadu,South,P109,Backpack,Bags,Travel,1,2200,0.1,1980,1400,580,UPI,Consumer,Online,29.29%,2025,Jul
ORD10467,02-09-2025,CUST1022,Priya,Male,35,Kolkata,West Bengal,East,P109,Backpack,Bags,Travel,2,2200,0.1,3960,1400,1160,Cash,Corporate,Online,29.29%,2025,Sep
ORD10468,16-12-2025,CUST1081,Ananya,Male,24,Jaipur,Rajasthan,North,P110,Headphones,Electronics,Audio,2,3500,0.1,6300,2200,1900,UPI,Consumer,Online,30.16%,2025,Dec
ORD10469,18-11-2025,CUST1265,Meera,Female,41,Kolkata,West Bengal,East,P105,Keyboard,Electronics,Accessories,1,1800,0.2,1440,1200,240,Cash,Corporate,Online,16.67%,2025,Nov
ORD10470,07-04-2025,CUST1001,Sneha,Female,37,Mysuru,Karnataka,South,P106,Office Chair,Furniture,Chairs,1,8500,0.15,7225,5600,1625,UPI,Corporate,Store,22.49%,2025,Apr
ORD10471,14-11-2025,CUST1290,Aditya,Female,43,Ahmedabad,Gujarat,West,P110,Headphones,Electronics,Audio,2,3500,0.2,5600,2200,1200,UPI,Consumer,Store,21.43%,2025,Nov
ORD10472,20-03-2025,CUST1146,Swathi,Female,53,Pune,Maharashtra,West,P101,Laptop,Electronics,Computers,2,52000,0.15,88400,39000,10400,Credit Card,Small Business,Online,11.76%,2025,Mar
ORD10473,12-07-2025,CUST1068,Amit,Male,48,Jaipur,Rajasthan,North,P110,Headphones,Electronics,Audio,2,3500,0.05,6650,2200,2250,Debit Card,Consumer,Online,33.83%,2025,Jul
ORD10474,08-05-2025,CUST1020,Karthik,Female,20,Kochi,Kerala,South,P112,Notebook,Stationery,Paper,1,450,0.15,382.5,280,102.5,Net Banking,Consumer,Online,26.80%,2025,May
ORD10475,12-11-2025,CUST1099,Meera,Female,48,Hyderabad,Telangana,South,P107,Desk,Furniture,Tables,1,12000,0,12000,8000,4000,Debit Card,Consumer,Store,33.33%,2025,Nov
ORD10476,26-07-2025,CUST1110,Priya,Female,38,Jaipur,Rajasthan,North,P102,Smartphone,Electronics,Mobiles,5,28000,0.05,133000,22000,23000,UPI,Consumer,Store,17.29%,2025,Jul
ORD10477,17-11-2025,CUST1179,Arun,Male,40,Mumbai,Maharashtra,West,P101,Laptop,Electronics,Computers,3,52000,0,156000,39000,39000,Cash,Consumer,Store,25.00%,2025,Nov
ORD10478,15-03-2025,CUST1192,Meera,Male,42,Kochi,Kerala,South,P108,Bookshelf,Furniture,Storage,1,7000,0.15,5950,4700,1250,Net Banking,Corporate,Online,21.01%,2025,Mar
ORD10479,06-04-2025,CUST1147,Rahul,Female,36,Mumbai,Maharashtra,West,P102,Smartphone,Electronics,Mobiles,2,28000,0.1,50400,22000,6400,Credit Card,Corporate,Store,12.70%,2025,Apr
ORD10480,17-07-2025,CUST1211,Aditya,Female,52,Bengaluru,Karnataka,South,P104,Monitor,Electronics,Accessories,1,14000,0.1,12600,10500,2100,UPI,Consumer,Store,16.67%,2025,Jul
ORD10481,19-04-2025,CUST1055,Vignesh,Male,21,Mysuru,Karnataka,South,P112,Notebook,Stationery,Paper,1,450,0,450,280,170,Debit Card,Consumer,Store,37.78%,2025,Apr
ORD10482,03-02-2025,CUST1097,Divya,Male,42,Kochi,Kerala,South,P107,Desk,Furniture,Tables,2,12000,0.1,21600,8000,5600,Debit Card,Small Business,Store,25.93%,2025,Feb
ORD10483,29-06-2025,CUST1224,Karthik,Male,29,Jaipur,Rajasthan,North,P111,Printer,Electronics,Printers,3,12500,0.1,33750,9200,6150,UPI,Corporate,Store,18.22%,2025,Jun
ORD10484,19-06-2025,CUST1204,Vivek,Male,51,Bengaluru,Karnataka,South,P112,Notebook,Stationery,Paper,1,450,0.25,337.5,280,57.5,UPI,Small Business,Online,17.04%,2025,Jun
ORD10485,24-04-2025,CUST1199,Pooja,Male,44,Chennai,Tamil Nadu,South,P111,Printer,Electronics,Printers,1,12500,0.05,11875,9200,2675,Debit Card,Consumer,Store,22.53%,2025,Apr
ORD10486,27-04-2025,CUST1166,Divya,Male,43,Mysuru,Karnataka,South,P101,Laptop,Electronics,Computers,1,52000,0.1,46800,39000,7800,UPI,Consumer,Online,16.67%,2025,Apr
ORD10487,14-11-2025,CUST1137,Sneha,Male,36,Ahmedabad,Gujarat,West,P105,Keyboard,Electronics,Accessories,1,1800,0.1,1620,1200,420,UPI,Small Business,Online,25.93%,2025,Nov
ORD10488,01-06-2025,CUST1074,Pooja,Male,37,Pune,Maharashtra,West,P111,Printer,Electronics,Printers,2,12500,0.2,20000,9200,1600,Debit Card,Consumer,Online,8.00%,2025,Jun
ORD10489,12-05-2025,CUST1047,Meera,Female,28,Ahmedabad,Gujarat,West,P101,Laptop,Electronics,Computers,3,52000,0,156000,39000,39000,UPI,Consumer,Online,25.00%,2025,May
ORD10490,03-06-2025,CUST1154,Amit,Female,37,Hyderabad,Telangana,South,P107,Desk,Furniture,Tables,1,12000,0.1,10800,8000,2800,Cash,Consumer,Store,25.93%,2025,Jun
ORD10491,03-07-2025,CUST1131,Meera,Male,45,Bengaluru,Karnataka,South,P103,Tablet,Electronics,Tablets,1,22000,0.1,19800,16500,3300,UPI,Corporate,Store,16.67%,2025,Jul
ORD10492,14-11-2025,CUST1129,Neha,Male,29,Mumbai,Maharashtra,West,P107,Desk,Furniture,Tables,3,12000,0.15,30600,8000,6600,UPI,Consumer,Online,21.57%,2025,Nov
ORD10493,12-03-2025,CUST1233,Amit,Male,45,Coimbatore,Tamil Nadu,South,P107,Desk,Furniture,Tables,2,12000,0.1,21600,8000,5600,UPI,Consumer,Store,25.93%,2025,Mar
ORD10494,02-01-2025,CUST1108,Neha,Female,45,Hyderabad,Telangana,South,P104,Monitor,Electronics,Accessories,5,14000,0.15,59500,10500,7000,Credit Card,Corporate,Online,11.76%,2025,Jan
ORD10495,07-03-2025,CUST1234,Divya,Male,34,Coimbatore,Tamil Nadu,South,P102,Smartphone,Electronics,Mobiles,1,28000,0.05,26600,22000,4600,UPI,Consumer,Online,17.29%,2025,Mar
ORD10496,02-07-2025,CUST1268,Rohan,Female,55,Mumbai,Maharashtra,West,P102,Smartphone,Electronics,Mobiles,3,28000,0.2,67200,22000,1200,UPI,Consumer,Store,1.79%,2025,Jul
ORD10497,03-05-2025,CUST1246,Swathi,Female,26,Mumbai,Maharashtra,West,P106,Office Chair,Furniture,Chairs,1,8500,0.05,8075,5600,2475,Credit Card,Corporate,Online,30.65%,2025,May
ORD10498,10-03-2025,CUST1011,Kavya,Female,22,Mysuru,Karnataka,South,P105,Keyboard,Electronics,Accessories,1,1800,0.05,1710,1200,510,UPI,Corporate,Online,29.82%,2025,Mar
ORD10499,29-05-2025,CUST1267,Karthik,Female,43,Delhi,Delhi,North,P103,Tablet,Electronics,Tablets,1,22000,0,22000,16500,5500,Debit Card,Consumer,Online,25.00%,2025,May
ORD10500,03-02-2025,CUST1169,Nikhil,Female,36,Coimbatore,Tamil Nadu,South,P110,Headphones,Electronics,Audio,1,3500,0,3500,2200,1300,UPI,Consumer,Online,37.14%,2025,Feb
ORD10501,16-04-2025,CUST1085,Sneha,Female,24,Jaipur,Rajasthan,North,P112,Notebook,Stationery,Paper,2,450,0,900,280,340,UPI,Consumer,Store,37.78%,2025,Apr
ORD10502,20-05-2025,CUST1002,Rohan,Female,30,Kolkata,West Bengal,East,P106,Office Chair,Furniture,Chairs,1,8500,0.1,7650,5600,2050,UPI,Corporate,Store,26.80%,2025,May
ORD10503,14-01-2025,CUST1240,Aditya,Male,41,Mumbai,Maharashtra,West,P108,Bookshelf,Furniture,Storage,1,7000,0.1,6300,4700,1600,Credit Card,Consumer,Store,25.40%,2025,Jan
ORD10504,21-10-2025,CUST1246,Sanjay,Female,29,Jaipur,Rajasthan,North,P108,Bookshelf,Furniture,Storage,1,7000,0.05,6650,4700,1950,Net Banking,Consumer,Online,29.32%,2025,Oct
ORD10505,19-07-2025,CUST1248,Karthik,Male,58,Delhi,Delhi,North,P102,Smartphone,Electronics,Mobiles,1,28000,0,28000,22000,6000,Credit Card,Consumer,Online,21.43%,2025,Jul
ORD10506,10-10-2025,CUST1074,Divya,Male,51,Mumbai,Maharashtra,West,P109,Backpack,Bags,Travel,3,2200,0.05,6270,1400,2070,Net Banking,Consumer,Store,33.01%,2025,Oct
ORD10507,14-10-2025,CUST1064,Ananya,Female,52,Mumbai,Maharashtra,West,P109,Backpack,Bags,Travel,1,2200,0.1,1980,1400,580,Cash,Consumer,Online,29.29%,2025,Oct
ORD10508,03-09-2025,CUST1110,Rohan,Male,49,Mumbai,Maharashtra,West,P102,Smartphone,Electronics,Mobiles,1,28000,0.1,25200,22000,3200,UPI,Consumer,Store,12.70%,2025,Sep
ORD10509,13-01-2025,CUST1296,Sneha,Female,38,Chennai,Tamil Nadu,South,P111,Printer,Electronics,Printers,5,12500,0.2,50000,9200,4000,Debit Card,Consumer,Online,8.00%,2025,Jan
ORD10510,03-02-2025,CUST1018,Vivek,Male,45,Delhi,Delhi,North,P111,Printer,Electronics,Printers,1,12500,0,12500,9200,3300,Credit Card,Consumer,Online,26.40%,2025,Feb
ORD10511,17-03-2025,CUST1108,Aditya,Male,56,Kolkata,West Bengal,East,P110,Headphones,Electronics,Audio,2,3500,0.1,6300,2200,1900,Credit Card,Consumer,Store,30.16%,2025,Mar
ORD10512,11-09-2025,CUST1188,Divya,Female,34,Kochi,Kerala,South,P110,Headphones,Electronics,Audio,2,3500,0,7000,2200,2600,Cash,Corporate,Store,37.14%,2025,Sep
ORD10513,05-09-2025,CUST1127,Nikhil,Female,47,Pune,Maharashtra,West,P109,Backpack,Bags,Travel,1,2200,0.15,1870,1400,470,Debit Card,Consumer,Online,25.13%,2025,Sep
ORD10514,26-01-2025,CUST1151,Vivek,Male,46,Delhi,Delhi,North,P105,Keyboard,Electronics,Accessories,1,1800,0.05,1710,1200,510,Cash,Consumer,Store,29.82%,2025,Jan
ORD10515,27-10-2025,CUST1090,Vignesh,Female,52,Kolkata,West Bengal,East,P104,Monitor,Electronics,Accessories,2,14000,0,28000,10500,7000,UPI,Consumer,Store,25.00%,2025,Oct
ORD10516,14-08-2025,CUST1103,Nikhil,Male,33,Coimbatore,Tamil Nadu,South,P106,Office Chair,Furniture,Chairs,3,8500,0,25500,5600,8700,UPI,Consumer,Online,34.12%,2025,Aug
ORD10517,03-11-2025,CUST1074,Meera,Male,34,Kolkata,West Bengal,East,P107,Desk,Furniture,Tables,2,12000,0.2,19200,8000,3200,Debit Card,Consumer,Online,16.67%,2025,Nov
ORD10518,02-12-2025,CUST1292,Sanjay,Female,55,Kochi,Kerala,South,P103,Tablet,Electronics,Tablets,1,22000,0.25,16500,16500,0,Credit Card,Corporate,Store,0.00%,2025,Dec
ORD10519,14-08-2025,CUST1105,Karthik,Female,48,Hyderabad,Telangana,South,P111,Printer,Electronics,Printers,2,12500,0.1,22500,9200,4100,Credit Card,Consumer,Store,18.22%,2025,Aug
ORD10520,01-01-2025,CUST1167,Neha,Female,46,Coimbatore,Tamil Nadu,South,P110,Headphones,Electronics,Audio,1,3500,0.05,3325,2200,1125,Cash,Corporate,Store,33.83%,2025,Jan
ORD10521,12-05-2025,CUST1059,Divya,Female,26,Bengaluru,Karnataka,South,P110,Headphones,Electronics,Audio,1,3500,0.15,2975,2200,775,UPI,Small Business,Online,26.05%,2025,May
ORD10522,26-06-2025,CUST1080,Kavya,Male,34,Hyderabad,Telangana,South,P108,Bookshelf,Furniture,Storage,1,7000,0.15,5950,4700,1250,Credit Card,Small Business,Online,21.01%,2025,Jun
ORD10523,30-08-2025,CUST1124,Neha,Female,40,Hyderabad,Telangana,South,P104,Monitor,Electronics,Accessories,2,14000,0,28000,10500,7000,UPI,Small Business,Online,25.00%,2025,Aug
ORD10524,05-06-2025,CUST1016,Aditya,Male,34,Delhi,Delhi,North,P107,Desk,Furniture,Tables,2,12000,0,24000,8000,8000,Credit Card,Small Business,Store,33.33%,2025,Jun
ORD10525,31-12-2025,CUST1300,Ananya,Male,23,Mumbai,Maharashtra,West,P102,Smartphone,Electronics,Mobiles,1,28000,0.15,23800,22000,1800,UPI,Small Business,Online,7.56%,2025,Dec
ORD10526,10-01-2025,CUST1128,Swathi,Male,27,Ahmedabad,Gujarat,West,P110,Headphones,Electronics,Audio,1,3500,0.2,2800,2200,600,UPI,Small Business,Online,21.43%,2025,Jan
ORD10527,04-07-2025,CUST1062,Manoj,Male,59,Bengaluru,Karnataka,South,P105,Keyboard,Electronics,Accessories,1,1800,0.15,1530,1200,330,Credit Card,Consumer,Store,21.57%,2025,Jul
ORD10528,19-10-2025,CUST1108,Nikhil,Male,25,Kolkata,West Bengal,East,P101,Laptop,Electronics,Computers,3,52000,0.1,140400,39000,23400,Net Banking,Corporate,Online,16.67%,2025,Oct
ORD10529,01-07-2025,CUST1025,Vignesh,Female,40,Kolkata,West Bengal,East,P112,Notebook,Stationery,Paper,4,450,0,1800,280,680,Credit Card,Consumer,Online,37.78%,2025,Jul
ORD10530,15-08-2025,CUST1233,Rohan,Male,44,Bengaluru,Karnataka,South,P101,Laptop,Electronics,Computers,2,52000,0.15,88400,39000,10400,Credit Card,Consumer,Online,11.76%,2025,Aug
ORD10531,17-07-2025,CUST1087,Divya,Male,21,Coimbatore,Tamil Nadu,South,P104,Monitor,Electronics,Accessories,1,14000,0.05,13300,10500,2800,Net Banking,Corporate,Online,21.05%,2025,Jul
ORD10532,10-10-2025,CUST1258,Sneha,Male,36,Kochi,Kerala,South,P110,Headphones,Electronics,Audio,4,3500,0.15,11900,2200,3100,UPI,Small Business,Store,26.05%,2025,Oct
ORD10533,16-07-2025,CUST1158,Sanjay,Female,43,Bengaluru,Karnataka,South,P107,Desk,Furniture,Tables,3,12000,0,36000,8000,12000,UPI,Consumer,Online,33.33%,2025,Jul
ORD10534,29-07-2025,CUST1017,Meera,Male,42,Chennai,Tamil Nadu,South,P105,Keyboard,Electronics,Accessories,1,1800,0.15,1530,1200,330,UPI,Consumer,Online,21.57%,2025,Jul
ORD10535,10-10-2025,CUST1211,Pooja,Female,39,Kolkata,West Bengal,East,P112,Notebook,Stationery,Paper,1,450,0.1,405,280,125,UPI,Consumer,Online,30.86%,2025,Oct
ORD10536,08-12-2025,CUST1146,Vivek,Female,51,Mysuru,Karnataka,South,P111,Printer,Electronics,Printers,1,12500,0.05,11875,9200,2675,Credit Card,Small Business,Online,22.53%,2025,Dec
ORD10537,11-06-2025,CUST1038,Divya,Male,28,Coimbatore,Tamil Nadu,South,P102,Smartphone,Electronics,Mobiles,1,28000,0.2,22400,22000,400,UPI,Small Business,Store,1.79%,2025,Jun
ORD10538,23-07-2025,CUST1194,Meera,Female,41,Coimbatore,Tamil Nadu,South,P105,Keyboard,Electronics,Accessories,2,1800,0.15,3060,1200,660,UPI,Consumer,Online,21.57%,2025,Jul
ORD10539,15-05-2025,CUST1185,Sanjay,Female,24,Mumbai,Maharashtra,West,P107,Desk,Furniture,Tables,3,12000,0,36000,8000,12000,Debit Card,Consumer,Store,33.33%,2025,May
ORD10540,18-04-2025,CUST1122,Neha,Female,26,Chennai,Tamil Nadu,South,P107,Desk,Furniture,Tables,2,12000,0.1,21600,8000,5600,Debit Card,Corporate,Online,25.93%,2025,Apr
ORD10541,14-02-2025,CUST1179,Rahul,Female,34,Jaipur,Rajasthan,North,P107,Desk,Furniture,Tables,2,12000,0,24000,8000,8000,UPI,Small Business,Online,33.33%,2025,Feb
ORD10542,08-03-2025,CUST1093,Vivek,Male,26,Hyderabad,Telangana,South,P103,Tablet,Electronics,Tablets,1,22000,0.2,17600,16500,1100,UPI,Small Business,Online,6.25%,2025,Mar
ORD10543,07-08-2025,CUST1205,Swathi,Male,43,Bengaluru,Karnataka,South,P108,Bookshelf,Furniture,Storage,1,7000,0.15,5950,4700,1250,Cash,Small Business,Online,21.01%,2025,Aug
ORD10544,18-10-2025,CUST1056,Sanjay,Male,59,Ahmedabad,Gujarat,West,P104,Monitor,Electronics,Accessories,1,14000,0.15,11900,10500,1400,UPI,Corporate,Online,11.76%,2025,Oct
ORD10545,03-12-2025,CUST1258,Pooja,Female,21,Bengaluru,Karnataka,south,P106,Office Chair,Furniture,Chairs,1,8500,0.05,8075,5600,2475,UPI,Corporate,Store,30.65%,2025,Dec
ORD10546,04-08-2025,CUST1069,Manoj,Male,58,Jaipur,Rajasthan,North,P111,Printer,Electronics,Printers,3,12500,0.15,31875,9200,4275,UPI,Consumer,Online,13.41%,2025,Aug
ORD10547,02-12-2025,CUST1128,Pooja,Male,22,Kochi,Kerala,South,P108,Bookshelf,Furniture,Storage,1,7000,0.15,5950,4700,1250,UPI,Consumer,Store,21.01%,2025,Dec
ORD10548,08-03-2025,CUST1200,Meera,Male,26,Kolkata,West Bengal,East,P105,Keyboard,Electronics,Accessories,2,1800,0.15,3060,1200,660,UPI,Small Business,Online,21.57%,2025,Mar
ORD10549,18-07-2025,CUST1039,Neha,Male,30,Ahmedabad,Gujarat,West,P104,Monitor,Electronics,Accessories,1,14000,0.1,12600,10500,2100,UPI,Consumer,Online,16.67%,2025,Jul
ORD10550,01-12-2025,CUST1252,Neha,Male,27,Chennai,Tamil Nadu,South,P106,Office Chair,Furniture,Chairs,3,8500,0.1,22950,5600,6150,Credit Card,Corporate,Online,26.80%,2025,Dec
ORD10551,20-10-2025,CUST1243,Nikhil,Male,37,Jaipur,Rajasthan,North,P105,Keyboard,Electronics,Accessories,3,1800,0,5400,1200,1800,UPI,Consumer,Online,33.33%,2025,Oct
ORD10552,11-11-2025,CUST1092,Ananya,Male,39,Coimbatore,Tamil Nadu,South,P102,Smartphone,Electronics,Mobiles,2,28000,0.15,47600,22000,3600,Credit Card,Consumer,Online,7.56%,2025,Nov
ORD10553,22-02-2025,CUST1187,Karthik,Male,42,Kochi,Kerala,South,P111,Printer,Electronics,Printers,1,12500,0,12500,9200,3300,Cash,Small Business,Online,26.40%,2025,Feb
ORD10554,28-06-2025,CUST1039,Sneha,Female,22,Ahmedabad,Gujarat,West,P103,Tablet,Electronics,Tablets,4,22000,0.15,74800,16500,8800,Debit Card,Corporate,Store,11.76%,2025,Jun
ORD10555,08-02-2025,CUST1223,Karthik,Female,21,Kochi,Kerala,South,P106,Office Chair,Furniture,Chairs,1,8500,0.05,8075,5600,2475,UPI,Small Business,Online,30.65%,2025,Feb
ORD10556,08-10-2025,CUST1043,Karthik,Female,22,Hyderabad,Telangana,South,P101,Laptop,Electronics,Computers,2,52000,0.05,98800,39000,20800,UPI,Consumer,Online,21.05%,2025,Oct
ORD10557,18-08-2025,CUST1189,Nikhil,Female,31,Pune,Maharashtra,West,P110,Headphones,Electronics,Audio,3,3500,0.1,9450,2200,2850,UPI,Small Business,Online,30.16%,2025,Aug
ORD10558,08-07-2025,CUST1230,Sanjay,Female,27,Hyderabad,Telangana,South,P101,Laptop,Electronics,Computers,1,52000,0.05,49400,39000,10400,UPI,Corporate,Online,21.05%,2025,Jul
ORD10559,27-07-2025,CUST1235,Rahul,Female,46,Hyderabad,Telangana,South,P105,Keyboard,Electronics,Accessories,3,1800,0.2,4320,1200,720,Cash,Consumer,Online,16.67%,2025,Jul
ORD10560,18-07-2025,CUST1021,Rohan,Male,40,Mysuru,Karnataka,South,P109,Backpack,Bags,Travel,1,2200,0.1,1980,1400,580,Debit Card,Consumer,Store,29.29%,2025,Jul
ORD10561,04-04-2025,CUST1154,Nikhil,Male,35,Ahmedabad,Gujarat,West,P102,Smartphone,Electronics,Mobiles,2,28000,0.1,50400,22000,6400,Cash,Consumer,Online,12.70%,2025,Apr
ORD10562,12-04-2025,CUST1166,Amit,Male,52,Jaipur,Rajasthan,North,P107,Desk,Furniture,Tables,1,12000,0,12000,8000,4000,Credit Card,Consumer,Store,33.33%,2025,Apr
ORD10563,24-11-2025,CUST1215,Vignesh,Female,26,Hyderabad,Telangana,South,P110,Headphones,Electronics,Audio,1,3500,0.15,2975,2200,775,Debit Card,Consumer,Store,26.05%,2025,Nov
ORD10564,28-03-2025,CUST1153,Priya,Female,25,Ahmedabad,Gujarat,West,P102,Smartphone,Electronics,Mobiles,2,28000,0.1,50400,22000,6400,Debit Card,Consumer,Store,12.70%,2025,Mar
ORD10565,24-01-2025,CUST1212,Arun,Male,36,Coimbatore,Tamil Nadu,South,P102,Smartphone,Electronics,Mobiles,2,28000,0.1,50400,22000,6400,Credit Card,Consumer,Store,12.70%,2025,Jan
ORD10566,28-10-2025,CUST1024,Nikhil,Male,43,Hyderabad,Telangana,South,P109,Backpack,Bags,Travel,2,2200,0,4400,1400,1600,Credit Card,Small Business,Online,36.36%,2025,Oct
ORD10567,06-09-2025,CUST1267,Arun,Male,45,Hyderabad,Telangana,South,P101,Laptop,Electronics,Computers,1,52000,0,52000,39000,13000,UPI,Consumer,Online,25.00%,2025,Sep
ORD10568,27-06-2025,CUST1215,Ananya,Male,58,Mysuru,Karnataka,South,P110,Headphones,Electronics,Audio,1,3500,0.05,3325,2200,1125,Net Banking,Consumer,Store,33.83%,2025,Jun
ORD10569,12-05-2025,CUST1276,Aditya,Male,55,Chennai,Tamil Nadu,South,P105,Keyboard,Electronics,Accessories,4,1800,0,7200,1200,2400,UPI,Consumer,Online,33.33%,2025,May
ORD10570,21-03-2025,CUST1083,Arun,Male,41,Delhi,Delhi,North,P103,Tablet,Electronics,Tablets,1,22000,0.1,19800,16500,3300,Credit Card,Corporate,Store,16.67%,2025,Mar
ORD10571,18-06-2025,CUST1022,Rahul,Male,55,Mumbai,Maharashtra,West,P104,Monitor,Electronics,Accessories,1,14000,0.05,13300,10500,2800,Debit Card,Corporate,Online,21.05%,2025,Jun
ORD10572,08-06-2025,CUST1243,Divya,Male,33,Kochi,Kerala,South,P106,Office Chair,Furniture,Chairs,1,8500,0.2,6800,5600,1200,UPI,Consumer,Online,17.65%,2025,Jun
ORD10573,02-01-2025,CUST1243,Divya,Male,56,Bengaluru,Karnataka,South,P111,Printer,Electronics,Printers,5,12500,0.15,53125,9200,7125,Cash,Consumer,Online,13.41%,2025,Jan
ORD10574,16-04-2025,CUST1032,Nikhil,Male,36,Coimbatore,Tamil Nadu,South,P107,Desk,Furniture,Tables,1,12000,0.15,10200,8000,2200,Net Banking,Consumer,Online,21.57%,2025,Apr
ORD10575,29-01-2025,CUST1114,Amit,Male,34,Mumbai,Maharashtra,West,P104,Monitor,Electronics,Accessories,3,14000,0.05,39900,10500,8400,UPI,Corporate,Store,21.05%,2025,Jan
ORD10576,19-08-2025,CUST1208,Meera,Female,22,Chennai,Tamil Nadu,South,P104,Monitor,Electronics,Accessories,1,14000,0,14000,10500,3500,UPI,Corporate,Online,25.00%,2025,Aug
ORD10577,22-04-2025,CUST1196,Amit,Male,47,Chennai,Tamil Nadu,South,P110,Headphones,Electronics,Audio,4,3500,0,14000,2200,5200,UPI,Consumer,Store,37.14%,2025,Apr
ORD10578,22-08-2025,CUST1032,Arun,Female,22,Delhi,Delhi,North,P105,Keyboard,Electronics,Accessories,5,1800,0.05,8550,1200,2550,UPI,Consumer,Store,29.82%,2025,Aug
ORD10579,09-03-2025,CUST1025,Swathi,Male,58,Ahmedabad,Gujarat,West,P109,Backpack,Bags,Travel,1,2200,0.25,1650,1400,250,Net Banking,Small Business,Online,15.15%,2025,Mar
ORD10580,16-02-2025,CUST1130,Aditya,Male,24,Ahmedabad,Gujarat,West,P106,Office Chair,Furniture,Chairs,2,8500,0.15,14450,5600,3250,Credit Card,Corporate,Store,22.49%,2025,Feb
ORD10581,12-09-2025,CUST1055,Priya,Male,22,Ahmedabad,Gujarat,West,P111,Printer,Electronics,Printers,2,12500,0.1,22500,9200,4100,Credit Card,Small Business,Online,18.22%,2025,Sep
ORD10582,11-01-2025,CUST1146,Sneha,Female,41,Coimbatore,Tamil Nadu,South,P111,Printer,Electronics,Printers,2,12500,0.2,20000,9200,1600,UPI,Consumer,Online,8.00%,2025,Jan
ORD10583,25-04-2025,CUST1276,Rohan,Male,38,Kolkata,West Bengal,East,P112,Notebook,Stationery,Paper,3,450,0.2,1080,280,240,UPI,Corporate,Online,22.22%,2025,Apr
ORD10584,09-07-2025,CUST1083,Aditya,Female,48,Mysuru,Karnataka,South,P107,Desk,Furniture,Tables,1,12000,0.1,10800,8000,2800,Credit Card,Corporate,Online,25.93%,2025,Jul
ORD10585,26-01-2025,CUST1012,Rohan,Male,47,Bengaluru,Karnataka,South,P103,Tablet,Electronics,Tablets,1,22000,0.15,18700,16500,2200,UPI,Corporate,Online,11.76%,2025,Jan
ORD10586,18-01-2025,CUST1242,Vivek,Male,58,Bengaluru,Karnataka,South,P112,Notebook,Stationery,Paper,2,450,0,900,280,340,Credit Card,Consumer,Online,37.78%,2025,Jan
ORD10587,16-04-2025,CUST1216,Aditya,Male,60,Bengaluru,Karnataka,South,P102,Smartphone,Electronics,Mobiles,3,28000,0.2,67200,22000,1200,Credit Card,Consumer,Online,1.79%,2025,Apr
ORD10588,26-01-2025,CUST1140,Priya,Female,41,Delhi,Delhi,North,P110,Headphones,Electronics,Audio,3,3500,0.1,9450,2200,2850,Net Banking,Consumer,Online,30.16%,2025,Jan
ORD10589,08-09-2025,CUST1009,Kavya,Female,21,Pune,Maharashtra,West,P109,Backpack,Bags,Travel,1,2200,0.15,1870,1400,470,Cash,Small Business,Store,25.13%,2025,Sep
ORD10590,22-11-2025,CUST1247,Vivek,Female,38,Delhi,Delhi,North,P103,Tablet,Electronics,Tablets,1,22000,0,22000,16500,5500,UPI,Small Business,Online,25.00%,2025,Nov
ORD10591,09-05-2025,CUST1091,Aditya,Female,32,Hyderabad,Telangana,South,P105,Keyboard,Electronics,Accessories,1,1800,0.15,1530,1200,330,Credit Card,Consumer,Online,21.57%,2025,May
ORD10592,10-11-2025,CUST1174,Priya,Female,34,Hyderabad,Telangana,South,P108,Bookshelf,Furniture,Storage,2,7000,0.25,10500,4700,1100,UPI,Consumer,Online,10.48%,2025,Nov
ORD10593,15-09-2025,CUST1152,Rahul,Female,50,Bengaluru,Karnataka,South,P110,Headphones,Electronics,Audio,5,3500,0.05,16625,2200,5625,Cash,Consumer,Online,33.83%,2025,Sep
ORD10594,21-10-2025,CUST1087,Arun,Male,46,Bengaluru,Karnataka,South,P109,Backpack,Bags,Travel,1,2200,0.1,1980,1400,580,Net Banking,Consumer,Store,29.29%,2025,Oct
ORD10595,17-06-2025,CUST1244,Priya,Female,58,Coimbatore,Tamil Nadu,South,P104,Monitor,Electronics,Accessories,3,14000,0.2,33600,10500,2100,Debit Card,Consumer,Store,6.25%,2025,Jun
ORD10596,13-12-2025,CUST1216,Arun,Male,49,Ahmedabad,Gujarat,West,P105,Keyboard,Electronics,Accessories,4,1800,0.05,6840,1200,2040,UPI,Small Business,Online,29.82%,2025,Dec
ORD10597,27-01-2025,CUST1227,Rahul,Male,56,Jaipur,Rajasthan,North,P111,Printer,Electronics,Printers,1,12500,0.15,10625,9200,1425,Cash,Consumer,Online,13.41%,2025,Jan
ORD10598,01-05-2025,CUST1026,Karthik,Male,22,Delhi,Delhi,North,P104,Monitor,Electronics,Accessories,2,14000,0,28000,10500,7000,Debit Card,Consumer,Store,25.00%,2025,May
ORD10599,04-04-2025,CUST1261,Rahul,Female,58,Ahmedabad,Gujarat,West,P112,Notebook,Stationery,Paper,1,450,0.1,405,280,125,UPI,Small Business,Store,30.86%,2025,Apr
ORD10600,03-09-2025,CUST1161,Rohan,Female,39,Mumbai,Maharashtra,West,P105,Keyboard,Electronics,Accessories,1,1800,0.1,1620,1200,420,Credit Card,Consumer,Online,25.93%,2025,Sep
ORD10601,11-09-2025,CUST1216,Vivek,Male,28,Jaipur,Rajasthan,North,P110,Headphones,Electronics,Audio,5,3500,0.2,14000,2200,3000,UPI,Consumer,Online,21.43%,2025,Sep
ORD10602,15-11-2025,CUST1214,Vivek,Male,29,Mysuru,Karnataka,South,P112,Notebook,Stationery,Paper,4,450,0.15,1530,280,410,Cash,Consumer,Store,26.80%,2025,Nov
ORD10603,29-01-2025,CUST1151,Amit,Male,52,Pune,Maharashtra,West,P110,Headphones,Electronics,Audio,1,3500,0.1,3150,2200,950,Cash,Small Business,Online,30.16%,2025,Jan
ORD10604,02-10-2025,CUST1181,Ananya,Female,32,Kochi,Kerala,South,P101,Laptop,Electronics,Computers,2,52000,0.1,93600,39000,15600,Cash,Consumer,Online,16.67%,2025,Oct
ORD10605,17-01-2025,CUST1019,Karthik,Male,56,Chennai,Tamil Nadu,South,P108,Bookshelf,Furniture,Storage,2,7000,0.2,11200,4700,1800,Credit Card,Corporate,Store,16.07%,2025,Jan
ORD10606,10-09-2025,CUST1222,Neha,Female,26,Pune,Maharashtra,West,P108,Bookshelf,Furniture,Storage,1,7000,0.15,5950,4700,1250,UPI,Consumer,Online,21.01%,2025,Sep
ORD10607,16-08-2025,CUST1273,Divya,Female,43,Hyderabad,Telangana,South,P112,Notebook,Stationery,Paper,1,450,0.25,337.5,280,57.5,UPI,Corporate,Online,17.04%,2025,Aug
ORD10608,24-02-2025,CUST1257,Vignesh,Female,53,Delhi,Delhi,North,P105,Keyboard,Electronics,Accessories,1,1800,0.15,1530,1200,330,Credit Card,Consumer,Store,21.57%,2025,Feb
ORD10609,31-01-2025,CUST1285,Nikhil,Female,36,Delhi,Delhi,North,P110,Headphones,Electronics,Audio,1,3500,0.15,2975,2200,775,Credit Card,Consumer,Online,26.05%,2025,Jan
ORD10610,26-04-2025,CUST1037,Divya,Female,54,Delhi,Delhi,North,P108,Bookshelf,Furniture,Storage,2,7000,0.05,13300,4700,3900,Net Banking,Consumer,Store,29.32%,2025,Apr
ORD10611,24-09-2025,CUST1287,Neha,Female,58,Pune,Maharashtra,West,P103,Tablet,Electronics,Tablets,1,22000,0.1,19800,16500,3300,Credit Card,Consumer,Online,16.67%,2025,Sep
ORD10612,17-04-2025,CUST1130,Manoj,Male,23,Pune,Maharashtra,West,P111,Printer,Electronics,Printers,1,12500,0.2,10000,9200,800,Debit Card,Consumer,Store,8.00%,2025,Apr
ORD10613,16-05-2025,CUST1139,Vignesh,Female,33,Mysuru,Karnataka,South,P103,Tablet,Electronics,Tablets,1,22000,0.25,16500,16500,0,Credit Card,Corporate,Store,0.00%,2025,May
ORD10614,16-03-2025,CUST1295,Nikhil,Male,34,Coimbatore,Tamil Nadu,South,P112,Notebook,Stationery,Paper,1,450,0.15,382.5,280,102.5,UPI,Small Business,Online,26.80%,2025,Mar
ORD10615,30-11-2025,CUST1009,Swathi,Male,56,Chennai,Tamil Nadu,South,P112,Notebook,Stationery,Paper,2,450,0.2,720,280,160,Debit Card,Consumer,Online,22.22%,2025,Nov
ORD10616,02-08-2025,CUST1206,Priya,Female,55,Bengaluru,Karnataka,South,P101,Laptop,Electronics,Computers,3,52000,0.1,140400,39000,23400,Credit Card,Consumer,Store,16.67%,2025,Aug
ORD10617,07-06-2025,CUST1262,Aditya,Female,56,Jaipur,Rajasthan,North,P101,Laptop,Electronics,Computers,1,52000,0.1,46800,39000,7800,UPI,Consumer,Store,16.67%,2025,Jun
ORD10618,13-02-2025,CUST1156,Rohan,Female,26,Delhi,Delhi,North,P111,Printer,Electronics,Printers,1,12500,0.05,11875,9200,2675,UPI,Small Business,Store,22.53%,2025,Feb
ORD10619,29-07-2025,CUST1206,Aditya,Female,43,Mumbai,Maharashtra,West,P103,Tablet,Electronics,Tablets,4,22000,0.05,83600,16500,17600,Debit Card,Small Business,Store,21.05%,2025,Jul
ORD10620,20-12-2025,CUST1286,Rohan,Male,45,Mysuru,Karnataka,South,P104,Monitor,Electronics,Accessories,4,14000,0,56000,10500,14000,UPI,Corporate,Store,25.00%,2025,Dec
ORD10621,22-02-2025,CUST1242,Karthik,Female,37,Jaipur,Rajasthan,North,P112,Notebook,Stationery,Paper,1,450,0,450,280,170,UPI,Consumer,Online,37.78%,2025,Feb
ORD10622,07-09-2025,CUST1083,Vivek,Female,30,Hyderabad,Telangana,south,P105,Keyboard,Electronics,Accessories,1,1800,0.1,1620,1200,420,UPI,Consumer,Store,25.93%,2025,Sep
ORD10623,31-10-2025,CUST1115,Aditya,Male,44,Chennai,Tamil Nadu,South,P107,Desk,Furniture,Tables,2,12000,0.15,20400,8000,4400,Debit Card,Consumer,Online,21.57%,2025,Oct
ORD10624,27-05-2025,CUST1255,Kavya,Female,52,Mysuru,Karnataka,South,P107,Desk,Furniture,Tables,1,12000,0.1,10800,8000,2800,Net Banking,Consumer,Online,25.93%,2025,May
ORD10625,23-07-2025,CUST1262,Meera,Male,59,Ahmedabad,Gujarat,West,P105,Keyboard,Electronics,Accessories,1,1800,0.2,1440,1200,240,Net Banking,Small Business,Store,16.67%,2025,Jul
ORD10626,19-07-2025,CUST1246,Arun,Male,25,Bengaluru,Karnataka,South,P102,Smartphone,Electronics,Mobiles,3,28000,0.25,63000,22000,-3000,UPI,Small Business,Online,-4.76%,2025,Jul
ORD10627,09-02-2025,CUST1288,Vignesh,Male,27,Bengaluru,Karnataka,South,P111,Printer,Electronics,Printers,2,12500,0.05,23750,9200,5350,Net Banking,Consumer,Online,22.53%,2025,Feb
ORD10628,25-03-2025,CUST1242,Priya,Female,43,Chennai,Tamil Nadu,South,P103,Tablet,Electronics,Tablets,4,22000,0.05,83600,16500,17600,UPI,Consumer,Store,21.05%,2025,Mar
ORD10629,16-05-2025,CUST1219,Rohan,Female,51,Mysuru,Karnataka,South,P107,Desk,Furniture,Tables,2,12000,0,24000,8000,8000,Credit Card,Small Business,Store,33.33%,2025,May
ORD10630,23-04-2025,CUST1205,Vignesh,Female,25,Delhi,Delhi,North,P104,Monitor,Electronics,Accessories,1,14000,0.05,13300,10500,2800,Credit Card,Consumer,Online,21.05%,2025,Apr
ORD10631,14-07-2025,CUST1012,Nikhil,Male,44,Kolkata,West Bengal,East,P109,Backpack,Bags,Travel,1,2200,0.2,1760,1400,360,Debit Card,Consumer,Online,20.45%,2025,Jul
ORD10632,28-04-2025,CUST1253,Sanjay,Female,54,Jaipur,Rajasthan,North,P110,Headphones,Electronics,Audio,1,3500,0.1,3150,2200,950,Debit Card,Corporate,Store,30.16%,2025,Apr
ORD10633,27-11-2025,CUST1225,Ananya,Female,26,Mumbai,Maharashtra,West,P104,Monitor,Electronics,Accessories,1,14000,0.05,13300,10500,2800,UPI,Corporate,Store,21.05%,2025,Nov
ORD10634,29-11-2025,CUST1292,Sanjay,Male,21,Kolkata,West Bengal,East,P110,Headphones,Electronics,Audio,4,3500,0.2,11200,2200,2400,Credit Card,Consumer,Online,21.43%,2025,Nov
ORD10635,20-05-2025,CUST1201,Rohan,Female,33,Kolkata,West Bengal,East,P111,Printer,Electronics,Printers,1,12500,0.15,10625,9200,1425,UPI,Consumer,Store,13.41%,2025,May
ORD10636,05-06-2025,CUST1299,Swathi,Male,58,Kochi,Kerala,South,P105,Keyboard,Electronics,Accessories,3,1800,0.1,4860,1200,1260,Debit Card,Consumer,Store,25.93%,2025,Jun
ORD10637,21-02-2025,CUST1091,Arun,Female,36,Pune,Maharashtra,West,P107,Desk,Furniture,Tables,3,12000,0.1,32400,8000,8400,Net Banking,Consumer,Online,25.93%,2025,Feb
ORD10638,05-03-2025,CUST1123,Aditya,Female,35,Jaipur,Rajasthan,North,P108,Bookshelf,Furniture,Storage,4,7000,0.1,25200,4700,6400,UPI,Small Business,Online,25.40%,2025,Mar
ORD10639,31-03-2025,CUST1300,Sanjay,Male,36,Delhi,Delhi,North,P106,Office Chair,Furniture,Chairs,1,8500,0.2,6800,5600,1200,UPI,Consumer,Store,17.65%,2025,Mar
ORD10640,02-05-2025,CUST1236,Meera,Female,54,Jaipur,Rajasthan,North,P109,Backpack,Bags,Travel,2,2200,0.1,3960,1400,1160,UPI,Corporate,Online,29.29%,2025,May
ORD10641,12-12-2025,CUST1244,Meera,Female,31,Chennai,Tamil Nadu,South,P105,Keyboard,Electronics,Accessories,1,1800,0.15,1530,1200,330,UPI,Corporate,Store,21.57%,2025,Dec
ORD10642,15-02-2025,CUST1278,Rohan,Male,39,Ahmedabad,Gujarat,West,P107,Desk,Furniture,Tables,4,12000,0.2,38400,8000,6400,UPI,Corporate,Online,16.67%,2025,Feb
ORD10643,23-02-2025,CUST1034,Aditya,Male,42,Delhi,Delhi,North,P111,Printer,Electronics,Printers,1,12500,0,12500,9200,3300,Net Banking,Consumer,Online,26.40%,2025,Feb
ORD10644,13-02-2025,CUST1128,Sanjay,Female,36,Mysuru,Karnataka,South,P103,Tablet,Electronics,Tablets,1,22000,0.05,20900,16500,4400,Net Banking,Consumer,Store,21.05%,2025,Feb
ORD10645,16-08-2025,CUST1191,Nikhil,Male,57,Mysuru,Karnataka,South,P112,Notebook,Stationery,Paper,1,450,0.2,360,280,80,Debit Card,Consumer,Online,22.22%,2025,Aug
ORD10646,23-07-2025,CUST1213,Rohan,Male,22,Pune,Maharashtra,West,P104,Monitor,Electronics,Accessories,2,14000,0.1,25200,10500,4200,Credit Card,Corporate,Online,16.67%,2025,Jul
ORD10647,20-06-2025,CUST1295,Neha,Male,31,Kolkata,West Bengal,East,P106,Office Chair,Furniture,Chairs,1,8500,0.1,7650,5600,2050,UPI,Corporate,Online,26.80%,2025,Jun
ORD10648,07-11-2025,CUST1025,Ananya,Male,36,Mumbai,Maharashtra,West,P101,Laptop,Electronics,Computers,1,52000,0.2,41600,39000,2600,Net Banking,Corporate,Store,6.25%,2025,Nov
ORD10649,16-08-2025,CUST1220,Pooja,Male,38,Mysuru,Karnataka,South,P108,Bookshelf,Furniture,Storage,1,7000,0.1,6300,4700,1600,Debit Card,Consumer,Store,25.40%,2025,Aug
ORD10650,08-05-2025,CUST1190,Pooja,Male,21,Chennai,Tamil Nadu,South,P112,Notebook,Stationery,Paper,2,450,0.1,810,280,250,UPI,Consumer,Store,30.86%,2025,May
ORD10651,18-03-2025,CUST1293,Neha,Male,38,Mysuru,Karnataka,South,P104,Monitor,Electronics,Accessories,1,14000,0.2,11200,10500,700,UPI,Consumer,Store,6.25%,2025,Mar
ORD10652,12-03-2025,CUST1103,Swathi,Female,48,Mysuru,Karnataka,South,P109,Backpack,Bags,Travel,4,2200,0,8800,1400,3200,UPI,Corporate,Online,36.36%,2025,Mar
ORD10653,13-10-2025,CUST1153,Arun,Male,20,Bengaluru,Karnataka,South,P106,Office Chair,Furniture,Chairs,2,8500,0.05,16150,5600,4950,Credit Card,Consumer,Online,30.65%,2025,Oct
ORD10654,21-02-2025,CUST1195,Aditya,Male,33,Bengaluru,Karnataka,South,P101,Laptop,Electronics,Computers,2,52000,0.1,93600,39000,15600,UPI,Corporate,Online,16.67%,2025,Feb
ORD10655,02-06-2025,CUST1002,Arun,Female,55,Pune,Maharashtra,West,P104,Monitor,Electronics,Accessories,3,14000,0.1,37800,10500,6300,Cash,Consumer,Store,16.67%,2025,Jun
ORD10656,10-06-2025,CUST1270,Sneha,Male,40,Ahmedabad,Gujarat,West,P107,Desk,Furniture,Tables,2,12000,0.1,21600,8000,5600,Net Banking,Small Business,Online,25.93%,2025,Jun
ORD10657,19-12-2025,CUST1066,Kavya,Female,29,Kolkata,West Bengal,East,P112,Notebook,Stationery,Paper,2,450,0.2,720,280,160,Debit Card,Consumer,Online,22.22%,2025,Dec
ORD10658,30-11-2025,CUST1152,Priya,Male,49,Pune,Maharashtra,West,P101,Laptop,Electronics,Computers,1,52000,0.15,44200,39000,5200,UPI,Small Business,Online,11.76%,2025,Nov
ORD10659,26-02-2025,CUST1203,Rahul,Female,29,Mysuru,Karnataka,South,P112,Notebook,Stationery,Paper,2,450,0.1,810,280,250,UPI,Consumer,Store,30.86%,2025,Feb
ORD10660,25-08-2025,CUST1293,Karthik,Male,25,Jaipur,Rajasthan,North,P111,Printer,Electronics,Printers,3,12500,0.15,31875,9200,4275,Credit Card,Corporate,Online,13.41%,2025,Aug
ORD10661,10-09-2025,CUST1246,Priya,Female,20,Kolkata,West Bengal,East,P110,Headphones,Electronics,Audio,2,3500,0,7000,2200,2600,Cash,Consumer,Store,37.14%,2025,Sep
ORD10662,19-05-2025,CUST1292,Manoj,Male,52,Coimbatore,Tamil Nadu,South,P111,Printer,Electronics,Printers,2,12500,0.15,21250,9200,2850,Net Banking,Small Business,Online,13.41%,2025,May
ORD10663,18-08-2025,CUST1271,Priya,Male,50,Jaipur,Rajasthan,North,P109,Backpack,Bags,Travel,1,2200,0.1,1980,1400,580,Debit Card,Consumer,Online,29.29%,2025,Aug
ORD10664,19-02-2025,CUST1071,Kavya,Female,37,Coimbatore,Tamil Nadu,South,P104,Monitor,Electronics,Accessories,3,14000,0.15,35700,10500,4200,UPI,Consumer,Online,11.76%,2025,Feb
ORD10665,25-10-2025,CUST1133,Meera,Male,53,Mysuru,Karnataka,South,P102,Smartphone,Electronics,Mobiles,1,28000,0.05,26600,22000,4600,UPI,Small Business,Online,17.29%,2025,Oct
ORD10666,05-10-2025,CUST1082,Arun,Female,52,Pune,Maharashtra,West,P107,Desk,Furniture,Tables,2,12000,0.05,22800,8000,6800,Debit Card,Small Business,Online,29.82%,2025,Oct
ORD10667,01-06-2025,CUST1026,Rahul,Female,57,Jaipur,Rajasthan,North,P112,Notebook,Stationery,Paper,3,450,0.1,1215,280,375,Debit Card,Consumer,Store,30.86%,2025,Jun
ORD10668,11-02-2025,CUST1285,Meera,Male,29,Pune,Maharashtra,West,P111,Printer,Electronics,Printers,2,12500,0.1,22500,9200,4100,Debit Card,Consumer,Store,18.22%,2025,Feb
ORD10669,02-05-2025,CUST1106,Rahul,Male,49,Kochi,Kerala,South,P110,Headphones,Electronics,Audio,2,3500,0.05,6650,2200,2250,UPI,Consumer,Online,33.83%,2025,May
ORD10670,06-12-2025,CUST1053,Swathi,Female,59,Chennai,Tamil Nadu,South,P106,Office Chair,Furniture,Chairs,3,8500,0.15,21675,5600,4875,UPI,Consumer,Online,22.49%,2025,Dec
ORD10671,14-05-2025,CUST1211,Vivek,Female,26,Coimbatore,Tamil Nadu,South,P102,Smartphone,Electronics,Mobiles,1,28000,0,28000,22000,6000,Credit Card,Corporate,Store,21.43%,2025,May
ORD10672,11-07-2025,CUST1218,Rohan,Male,52,Hyderabad,Telangana,South,P107,Desk,Furniture,Tables,2,12000,0,24000,8000,8000,Cash,Consumer,Online,33.33%,2025,Jul
ORD10673,06-02-2025,CUST1132,Pooja,Male,32,Ahmedabad,Gujarat,West,P111,Printer,Electronics,Printers,1,12500,0,12500,9200,3300,UPI,Consumer,Store,26.40%,2025,Feb
ORD10674,05-05-2025,CUST1042,Divya,Female,34,Kochi,Kerala,South,P101,Laptop,Electronics,Computers,1,52000,0.1,46800,39000,7800,Net Banking,Corporate,Online,16.67%,2025,May
ORD10675,08-10-2025,CUST1105,Karthik,Male,53,Jaipur,Rajasthan,North,P109,Backpack,Bags,Travel,1,2200,0,2200,1400,800,Net Banking,Consumer,Online,36.36%,2025,Oct
ORD10676,18-06-2025,CUST1062,Amit,Female,55,Coimbatore,Tamil Nadu,South,P103,Tablet,Electronics,Tablets,1,22000,0.05,20900,16500,4400,Credit Card,Consumer,Online,21.05%,2025,Jun
ORD10677,23-07-2025,CUST1104,Karthik,Female,56,Coimbatore,Tamil Nadu,South,P105,Keyboard,Electronics,Accessories,3,1800,0,5400,1200,1800,Credit Card,Small Business,Online,33.33%,2025,Jul
ORD10678,07-07-2025,CUST1138,Divya,Female,52,Bengaluru,Karnataka,South,P102,Smartphone,Electronics,Mobiles,1,28000,0.1,25200,22000,3200,Credit Card,Small Business,Online,12.70%,2025,Jul
ORD10679,28-01-2025,CUST1223,Vivek,Male,36,Bengaluru,Karnataka,South,P101,Laptop,Electronics,Computers,2,52000,0.05,98800,39000,20800,Credit Card,Consumer,Online,21.05%,2025,Jan
ORD10680,22-03-2025,CUST1010,Rohan,Male,32,Hyderabad,Telangana,South,P110,Headphones,Electronics,Audio,2,3500,0.15,5950,2200,1550,UPI,Corporate,Online,26.05%,2025,Mar
ORD10681,20-10-2025,CUST1132,Sneha,Female,44,Mysuru,Karnataka,South,P101,Laptop,Electronics,Computers,2,52000,0.1,93600,39000,15600,Credit Card,Small Business,Store,16.67%,2025,Oct
ORD10682,30-08-2025,CUST1130,Rahul,Female,35,Mysuru,Karnataka,South,P102,Smartphone,Electronics,Mobiles,2,28000,0.15,47600,22000,3600,Debit Card,Consumer,Store,7.56%,2025,Aug
ORD10683,24-04-2025,CUST1147,Kavya,Female,30,Coimbatore,Tamil Nadu,South,P105,Keyboard,Electronics,Accessories,4,1800,0.2,5760,1200,960,UPI,Small Business,Store,16.67%,2025,Apr
ORD10684,20-07-2025,CUST1115,Nikhil,Male,23,Chennai,Tamil Nadu,South,P109,Backpack,Bags,Travel,1,2200,0,2200,1400,800,Credit Card,Consumer,Store,36.36%,2025,Jul
ORD10685,22-11-2025,CUST1153,Rohan,Male,26,Bengaluru,Karnataka,South,P107,Desk,Furniture,Tables,2,12000,0.1,21600,8000,5600,UPI,Small Business,Store,25.93%,2025,Nov
ORD10686,13-01-2025,CUST1217,Rahul,Female,35,Kochi,Kerala,South,P110,Headphones,Electronics,Audio,2,3500,0.05,6650,2200,2250,UPI,Consumer,Online,33.83%,2025,Jan
ORD10687,22-04-2025,CUST1230,Rohan,Female,47,Delhi,Delhi,North,P105,Keyboard,Electronics,Accessories,1,1800,0.05,1710,1200,510,UPI,Consumer,Online,29.82%,2025,Apr
ORD10688,27-09-2025,CUST1038,Sanjay,Male,36,Hyderabad,Telangana,South,P104,Monitor,Electronics,Accessories,3,14000,0,42000,10500,10500,UPI,Consumer,Online,25.00%,2025,Sep
ORD10689,06-11-2025,CUST1031,Rohan,Female,37,Chennai,Tamil Nadu,South,P103,Tablet,Electronics,Tablets,3,22000,0.15,56100,16500,6600,Credit Card,Consumer,Online,11.76%,2025,Nov
ORD10690,08-12-2025,CUST1228,Neha,Female,28,Kolkata,West Bengal,East,P112,Notebook,Stationery,Paper,2,450,0.05,855,280,295,Credit Card,Consumer,Store,34.50%,2025,Dec
ORD10691,22-07-2025,CUST1136,Sneha,Male,59,Mumbai,Maharashtra,West,P111,Printer,Electronics,Printers,1,12500,0.05,11875,9200,2675,UPI,Small Business,Store,22.53%,2025,Jul
ORD10692,19-05-2025,CUST1205,Divya,Female,31,Pune,Maharashtra,West,P111,Printer,Electronics,Printers,3,12500,0.2,30000,9200,2400,UPI,Corporate,Store,8.00%,2025,May
ORD10693,30-07-2025,CUST1077,Pooja,Female,47,Jaipur,Rajasthan,North,P110,Headphones,Electronics,Audio,1,3500,0,3500,2200,1300,Debit Card,Consumer,Online,37.14%,2025,Jul
ORD10694,25-03-2025,CUST1143,Arun,Male,43,Ahmedabad,Gujarat,West,P110,Headphones,Electronics,Audio,3,3500,0.15,8925,2200,2325,UPI,Consumer,Store,26.05%,2025,Mar
ORD10695,03-01-2025,CUST1125,Sanjay,Female,35,Bengaluru,Karnataka,South,P102,Smartphone,Electronics,Mobiles,1,28000,0.1,25200,22000,3200,Debit Card,Consumer,Online,12.70%,2025,Jan
ORD10696,28-11-2025,CUST1015,Aditya,Male,47,Bengaluru,Karnataka,South,P111,Printer,Electronics,Printers,2,12500,0.1,22500,9200,4100,UPI,Small Business,Online,18.22%,2025,Nov
ORD10697,06-09-2025,CUST1246,Sanjay,Male,48,Mumbai,Maharashtra,West,P107,Desk,Furniture,Tables,1,12000,0.1,10800,8000,2800,Debit Card,Small Business,Store,25.93%,2025,Sep
ORD10698,24-11-2025,CUST1281,Amit,Male,53,Hyderabad,Telangana,South,P109,Backpack,Bags,Travel,1,2200,0.1,1980,1400,580,Credit Card,Small Business,Online,29.29%,2025,Nov
ORD10699,28-09-2025,CUST1193,Priya,Female,33,Delhi,Delhi,North,P108,Bookshelf,Furniture,Storage,1,7000,0.2,5600,4700,900,Net Banking,Consumer,Online,16.07%,2025,Sep
ORD10700,26-02-2025,CUST1283,Meera,Male,24,Bengaluru,Karnataka,South,P110,Headphones,Electronics,Audio,3,3500,0.05,9975,2200,3375,Debit Card,Consumer,Online,33.83%,2025,Feb
ORD10701,11-05-2025,CUST1122,Divya,Male,45,Pune,Maharashtra,West,P103,Tablet,Electronics,Tablets,1,22000,0.15,18700,16500,2200,UPI,Consumer,Store,11.76%,2025,May
ORD10702,28-07-2025,CUST1038,Sneha,Male,37,Coimbatore,Tamil Nadu,South,P109,Backpack,Bags,Travel,1,2200,0.2,1760,1400,360,Net Banking,Corporate,Online,20.45%,2025,Jul
ORD10703,31-08-2025,CUST1128,Divya,Female,55,Coimbatore,Tamil Nadu,South,P111,Printer,Electronics,Printers,5,12500,0.1,56250,9200,10250,Credit Card,Corporate,Online,18.22%,2025,Aug
ORD10704,04-03-2025,CUST1025,Sanjay,Male,44,Chennai,Tamil Nadu,South,P112,Notebook,Stationery,Paper,5,450,0,2250,280,850,Credit Card,Consumer,Store,37.78%,2025,Mar
ORD10705,14-09-2025,CUST1209,Rohan,Male,24,Hyderabad,Telangana,South,P109,Backpack,Bags,Travel,2,2200,0,4400,1400,1600,UPI,Consumer,Online,36.36%,2025,Sep
ORD10706,12-12-2025,CUST1186,Vivek,Male,45,Bengaluru,Karnataka,South,P102,Smartphone,Electronics,Mobiles,1,28000,0.1,25200,22000,3200,UPI,Consumer,Online,12.70%,2025,Dec
ORD10707,15-03-2025,CUST1215,Neha,Female,47,Hyderabad,Telangana,South,P107,Desk,Furniture,Tables,1,12000,0.05,11400,8000,3400,UPI,Small Business,Online,29.82%,2025,Mar
ORD10708,12-12-2025,CUST1103,Manoj,Male,32,Mumbai,Maharashtra,West,P101,Laptop,Electronics,Computers,2,52000,0.1,93600,39000,15600,Credit Card,Corporate,Online,16.67%,2025,Dec
ORD10709,24-10-2025,CUST1073,Pooja,Female,47,Mysuru,Karnataka,South,P108,Bookshelf,Furniture,Storage,2,7000,0.05,13300,4700,3900,Credit Card,Consumer,Online,29.32%,2025,Oct
ORD10710,11-03-2025,CUST1104,Sanjay,Male,33,Chennai,Tamil Nadu,South,P105,Keyboard,Electronics,Accessories,2,1800,0.05,3420,1200,1020,Net Banking,Corporate,Online,29.82%,2025,Mar
ORD10711,10-09-2025,CUST1295,Vignesh,Male,22,Kochi,Kerala,South,P107,Desk,Furniture,Tables,2,12000,0.1,21600,8000,5600,UPI,Consumer,Online,25.93%,2025,Sep
ORD10712,28-12-2025,CUST1092,Pooja,Male,59,Coimbatore,Tamil Nadu,South,P108,Bookshelf,Furniture,Storage,3,7000,0,21000,4700,6900,Credit Card,Small Business,Online,32.86%,2025,Dec
ORD10713,29-12-2025,CUST1242,Rohan,Female,49,Delhi,Delhi,North,P101,Laptop,Electronics,Computers,1,52000,0.05,49400,39000,10400,UPI,Consumer,Store,21.05%,2025,Dec
ORD10714,05-07-2025,CUST1131,Priya,Male,40,Ahmedabad,Gujarat,West,P109,Backpack,Bags,Travel,5,2200,0.15,9350,1400,2350,Debit Card,Consumer,Store,25.13%,2025,Jul
ORD10715,19-12-2025,CUST1288,Manoj,Male,52,Kolkata,West Bengal,East,P103,Tablet,Electronics,Tablets,3,22000,0.1,59400,16500,9900,UPI,Consumer,Store,16.67%,2025,Dec
ORD10716,14-03-2025,CUST1026,Aditya,Female,28,Mysuru,Karnataka,South,P103,Tablet,Electronics,Tablets,1,22000,0.15,18700,16500,2200,Credit Card,Corporate,Online,11.76%,2025,Mar
ORD10717,17-03-2025,CUST1051,Swathi,Male,46,Kochi,Kerala,South,P112,Notebook,Stationery,Paper,1,450,0.1,405,280,125,UPI,Consumer,Store,30.86%,2025,Mar
ORD10718,30-09-2025,CUST1068,Sanjay,Male,48,Chennai,Tamil Nadu,South,P108,Bookshelf,Furniture,Storage,1,7000,0.1,6300,4700,1600,Credit Card,Consumer,Online,25.40%,2025,Sep
ORD10719,19-07-2025,CUST1099,Aditya,Female,20,Ahmedabad,Gujarat,West,P102,Smartphone,Electronics,Mobiles,1,28000,0.05,26600,22000,4600,UPI,Small Business,Online,17.29%,2025,Jul
ORD10720,24-04-2025,CUST1056,Kavya,Female,58,Pune,Maharashtra,West,P109,Backpack,Bags,Travel,2,2200,0.2,3520,1400,720,Credit Card,Consumer,Store,20.45%,2025,Apr
ORD10721,29-06-2025,CUST1250,Ananya,Female,53,Jaipur,Rajasthan,North,P105,Keyboard,Electronics,Accessories,1,1800,0.15,1530,1200,330,UPI,Consumer,Online,21.57%,2025,Jun
ORD10722,09-11-2025,CUST1273,Manoj,Male,46,Ahmedabad,Gujarat,West,P106,Office Chair,Furniture,Chairs,2,8500,0.1,15300,5600,4100,Credit Card,Small Business,Online,26.80%,2025,Nov
ORD10723,14-03-2025,CUST1234,Sneha,Male,37,Kochi,Kerala,South,P112,Notebook,Stationery,Paper,3,450,0.25,1012.5,280,172.5,Credit Card,Consumer,Store,17.04%,2025,Mar
ORD10724,06-09-2025,CUST1270,Kavya,Female,43,Ahmedabad,Gujarat,West,P110,Headphones,Electronics,Audio,3,3500,0.05,9975,2200,3375,Debit Card,Consumer,Online,33.83%,2025,Sep
ORD10725,16-06-2025,CUST1207,Arun,Female,23,Mysuru,Karnataka,South,P108,Bookshelf,Furniture,Storage,3,7000,0,21000,4700,6900,Cash,Small Business,Online,32.86%,2025,Jun
ORD10726,13-06-2025,CUST1056,Kavya,Female,40,Mysuru,Karnataka,South,P106,Office Chair,Furniture,Chairs,1,8500,0.1,7650,5600,2050,Credit Card,Consumer,Online,26.80%,2025,Jun
ORD10727,20-10-2025,CUST1175,Aditya,Female,33,Delhi,Delhi,North,P106,Office Chair,Furniture,Chairs,1,8500,0.15,7225,5600,1625,Credit Card,Small Business,Online,22.49%,2025,Oct
ORD10728,03-12-2025,CUST1060,Pooja,Male,20,Jaipur,Rajasthan,North,P102,Smartphone,Electronics,Mobiles,1,28000,0,28000,22000,6000,Credit Card,Corporate,Online,21.43%,2025,Dec
ORD10729,07-06-2025,CUST1057,Neha,Female,27,Coimbatore,Tamil Nadu,South,P111,Printer,Electronics,Printers,2,12500,0.05,23750,9200,5350,Net Banking,Corporate,Online,22.53%,2025,Jun
ORD10730,09-06-2025,CUST1234,Priya,Male,38,Delhi,Delhi,North,P108,Bookshelf,Furniture,Storage,1,7000,0.1,6300,4700,1600,Credit Card,Consumer,Online,25.40%,2025,Jun
ORD10731,30-09-2025,CUST1049,Sanjay,Female,39,Bengaluru,Karnataka,South,P108,Bookshelf,Furniture,Storage,1,7000,0.05,6650,4700,1950,UPI,Corporate,Online,29.32%,2025,Sep
ORD10732,02-12-2025,CUST1139,Manoj,Female,43,Chennai,Tamil Nadu,South,P101,Laptop,Electronics,Computers,1,52000,0.1,46800,39000,7800,Net Banking,Consumer,Store,16.67%,2025,Dec
ORD10733,30-03-2025,CUST1061,Kavya,Female,46,Kolkata,West Bengal,East,P101,Laptop,Electronics,Computers,4,52000,0.05,197600,39000,41600,Debit Card,Corporate,Online,21.05%,2025,Mar
ORD10734,13-11-2025,CUST1046,Nikhil,Female,26,Ahmedabad,Gujarat,West,P112,Notebook,Stationery,Paper,1,450,0,450,280,170,Net Banking,Consumer,Store,37.78%,2025,Nov
ORD10735,17-01-2025,CUST1227,Divya,Female,41,Mumbai,Maharashtra,West,P111,Printer,Electronics,Printers,1,12500,0.15,10625,9200,1425,Debit Card,Corporate,Online,13.41%,2025,Jan
ORD10736,16-08-2025,CUST1147,Neha,Male,45,Hyderabad,Telangana,South,P101,Laptop,Electronics,Computers,1,52000,0.1,46800,39000,7800,UPI,Small Business,Store,16.67%,2025,Aug
ORD10737,17-06-2025,CUST1166,Divya,Male,30,Coimbatore,Tamil Nadu,South,P101,Laptop,Electronics,Computers,2,52000,0.15,88400,39000,10400,UPI,Small Business,Store,11.76%,2025,Jun
ORD10738,09-11-2025,CUST1195,Manoj,Male,38,Kolkata,West Bengal,East,P112,Notebook,Stationery,Paper,1,450,0.1,405,280,125,Debit Card,Corporate,Online,30.86%,2025,Nov
ORD10739,30-08-2025,CUST1203,Arun,Female,35,Chennai,Tamil Nadu,South,P106,Office Chair,Furniture,Chairs,3,8500,0.1,22950,5600,6150,UPI,Consumer,Store,26.80%,2025,Aug
ORD10740,03-05-2025,CUST1134,Meera,Male,28,Pune,Maharashtra,West,P112,Notebook,Stationery,Paper,1,450,0,450,280,170,UPI,Corporate,Online,37.78%,2025,May
ORD10741,16-09-2025,CUST1216,Neha,Male,45,Pune,Maharashtra,West,P106,Office Chair,Furniture,Chairs,2,8500,0.1,15300,5600,4100,Credit Card,Consumer,Online,26.80%,2025,Sep
ORD10742,08-03-2025,CUST1113,Sanjay,Female,29,Pune,Maharashtra,West,P103,Tablet,Electronics,Tablets,2,22000,0.2,35200,16500,2200,Credit Card,Consumer,Online,6.25%,2025,Mar
ORD10743,20-03-2025,CUST1273,Sanjay,Male,29,Pune,Maharashtra,West,P112,Notebook,Stationery,Paper,1,450,0.1,405,280,125,Debit Card,Corporate,Online,30.86%,2025,Mar
ORD10744,01-01-2025,CUST1131,Priya,Male,38,Pune,Maharashtra,West,P103,Tablet,Electronics,Tablets,1,22000,0.15,18700,16500,2200,UPI,Consumer,Online,11.76%,2025,Jan
ORD10745,07-08-2025,CUST1176,Priya,Male,40,Kochi,Kerala,South,P110,Headphones,Electronics,Audio,1,3500,0,3500,2200,1300,Debit Card,Consumer,Store,37.14%,2025,Aug
ORD10746,29-03-2025,CUST1267,Divya,Male,22,Kochi,Kerala,South,P105,Keyboard,Electronics,Accessories,1,1800,0.05,1710,1200,510,UPI,Consumer,Online,29.82%,2025,Mar
ORD10747,22-05-2025,CUST1044,Vivek,Male,32,Delhi,Delhi,North,P101,Laptop,Electronics,Computers,1,52000,0.2,41600,39000,2600,Cash,Small Business,Store,6.25%,2025,May
ORD10748,08-06-2025,CUST1080,Vivek,Female,52,Bengaluru,Karnataka,South,P107,Desk,Furniture,Tables,1,12000,0.05,11400,8000,3400,Credit Card,Corporate,Online,29.82%,2025,Jun
ORD10749,28-03-2025,CUST1109,Pooja,Male,53,Mysuru,Karnataka,South,P103,Tablet,Electronics,Tablets,1,22000,0,22000,16500,5500,Credit Card,Small Business,Online,25.00%,2025,Mar
ORD10750,08-07-2025,CUST1151,Aditya,Female,26,Jaipur,Rajasthan,North,P112,Notebook,Stationery,Paper,1,450,0.1,405,280,125,Credit Card,Small Business,Store,30.86%,2025,Jul
ORD10751,16-07-2025,CUST1294,Rahul,Female,45,Mumbai,Maharashtra,West,P104,Monitor,Electronics,Accessories,3,14000,0,42000,10500,10500,Debit Card,Consumer,Store,25.00%,2025,Jul
ORD10752,22-06-2025,CUST1248,Aditya,Female,50,Bengaluru,Karnataka,South,P101,Laptop,Electronics,Computers,1,52000,0.05,49400,39000,10400,UPI,Consumer,Store,21.05%,2025,Jun
ORD10753,28-06-2025,CUST1016,Aditya,Female,22,Coimbatore,Tamil Nadu,South,P103,Tablet,Electronics,Tablets,1,22000,0.1,19800,16500,3300,Debit Card,Consumer,Store,16.67%,2025,Jun
ORD10754,30-03-2025,CUST1203,Arun,Female,40,Jaipur,Rajasthan,North,P102,Smartphone,Electronics,Mobiles,1,28000,0.1,25200,22000,3200,Debit Card,Consumer,Online,12.70%,2025,Mar
ORD10755,26-08-2025,CUST1020,Nikhil,Male,48,Ahmedabad,Gujarat,West,P109,Backpack,Bags,Travel,1,2200,0,2200,1400,800,UPI,Corporate,Online,36.36%,2025,Aug
ORD10756,16-08-2025,CUST1264,Neha,Male,56,Hyderabad,Telangana,South,P104,Monitor,Electronics,Accessories,1,14000,0.1,12600,10500,2100,Credit Card,Consumer,Online,16.67%,2025,Aug
ORD10757,06-02-2025,CUST1071,Arun,Male,31,Kochi,Kerala,South,P106,Office Chair,Furniture,Chairs,3,8500,0,25500,5600,8700,UPI,Small Business,Online,34.12%,2025,Feb
ORD10758,03-07-2025,CUST1270,Arun,Female,35,Delhi,Delhi,North,P112,Notebook,Stationery,Paper,1,450,0.2,360,280,80,UPI,Consumer,Online,22.22%,2025,Jul
ORD10759,29-05-2025,CUST1278,Divya,Male,28,Mysuru,Karnataka,South,P111,Printer,Electronics,Printers,2,12500,0.15,21250,9200,2850,Debit Card,Consumer,Online,13.41%,2025,May
ORD10760,24-10-2025,CUST1005,Vivek,Female,37,Mysuru,Karnataka,South,P102,Smartphone,Electronics,Mobiles,2,28000,0.1,50400,22000,6400,Net Banking,Small Business,Online,12.70%,2025,Oct
ORD10761,04-12-2025,CUST1178,Arun,Male,37,Ahmedabad,Gujarat,West,P110,Headphones,Electronics,Audio,2,3500,0.05,6650,2200,2250,Cash,Small Business,Store,33.83%,2025,Dec
ORD10762,15-11-2025,CUST1160,Karthik,Female,35,Ahmedabad,Gujarat,West,P106,Office Chair,Furniture,Chairs,1,8500,0.05,8075,5600,2475,Credit Card,Consumer,Store,30.65%,2025,Nov
ORD10763,25-09-2025,CUST1169,Priya,Male,52,Ahmedabad,Gujarat,West,P111,Printer,Electronics,Printers,1,12500,0.15,10625,9200,1425,Credit Card,Corporate,Store,13.41%,2025,Sep
ORD10764,10-04-2025,CUST1173,Neha,Female,53,Chennai,Tamil Nadu,South,P109,Backpack,Bags,Travel,4,2200,0.15,7480,1400,1880,Net Banking,Small Business,Store,25.13%,2025,Apr
ORD10765,23-02-2025,CUST1138,Pooja,Female,60,Chennai,Tamil Nadu,South,P107,Desk,Furniture,Tables,2,12000,0,24000,8000,8000,Credit Card,Consumer,Online,33.33%,2025,Feb
ORD10766,15-09-2025,CUST1178,Meera,Male,27,Jaipur,Rajasthan,North,P101,Laptop,Electronics,Computers,1,52000,0.1,46800,39000,7800,Debit Card,Corporate,Store,16.67%,2025,Sep
ORD10767,10-03-2025,CUST1069,Neha,Female,28,Mysuru,Karnataka,South,P109,Backpack,Bags,Travel,3,2200,0.15,5610,1400,1410,Debit Card,Consumer,Store,25.13%,2025,Mar
ORD10768,16-02-2025,CUST1110,Rohan,Male,37,Pune,Maharashtra,West,P110,Headphones,Electronics,Audio,1,3500,0.15,2975,2200,775,Credit Card,Corporate,Store,26.05%,2025,Feb
ORD10769,16-08-2025,CUST1163,Kavya,Female,22,Bengaluru,Karnataka,South,P105,Keyboard,Electronics,Accessories,1,1800,0.2,1440,1200,240,UPI,Corporate,Store,16.67%,2025,Aug
ORD10770,26-11-2025,CUST1220,Swathi,Male,55,Coimbatore,Tamil Nadu,South,P101,Laptop,Electronics,Computers,1,52000,0.15,44200,39000,5200,Credit Card,Consumer,Online,11.76%,2025,Nov
ORD10771,05-01-2025,CUST1078,Amit,Female,23,Mumbai,Maharashtra,West,P110,Headphones,Electronics,Audio,1,3500,0.15,2975,2200,775,Debit Card,Consumer,Online,26.05%,2025,Jan
ORD10772,12-11-2025,CUST1112,Vignesh,Male,46,Ahmedabad,Gujarat,West,P103,Tablet,Electronics,Tablets,1,22000,0.05,20900,16500,4400,Debit Card,Consumer,Online,21.05%,2025,Nov
ORD10773,22-01-2025,CUST1040,Karthik,Female,30,Chennai,Tamil Nadu,South,P103,Tablet,Electronics,Tablets,1,22000,0,22000,16500,5500,Debit Card,Consumer,Store,25.00%,2025,Jan
ORD10774,02-12-2025,CUST1095,Ananya,Male,40,Mumbai,Maharashtra,West,P106,Office Chair,Furniture,Chairs,4,8500,0.1,30600,5600,8200,Credit Card,Corporate,Online,26.80%,2025,Dec
ORD10775,30-04-2025,CUST1179,Aditya,Male,21,Coimbatore,Tamil Nadu,South,P108,Bookshelf,Furniture,Storage,1,7000,0.15,5950,4700,1250,UPI,Corporate,Online,21.01%,2025,Apr
ORD10776,21-08-2025,CUST1255,Karthik,Male,41,Mumbai,Maharashtra,West,P101,Laptop,Electronics,Computers,1,52000,0.15,44200,39000,5200,Net Banking,Corporate,Online,11.76%,2025,Aug
ORD10777,18-07-2025,CUST1017,Aditya,Female,41,Jaipur,Rajasthan,North,P108,Bookshelf,Furniture,Storage,4,7000,0.2,22400,4700,3600,UPI,Consumer,Store,16.07%,2025,Jul
ORD10778,07-09-2025,CUST1163,Nikhil,Male,56,Delhi,Delhi,North,P106,Office Chair,Furniture,Chairs,1,8500,0.05,8075,5600,2475,Cash,Small Business,Online,30.65%,2025,Sep
ORD10779,12-11-2025,CUST1040,Ananya,Female,42,Delhi,Delhi,North,P102,Smartphone,Electronics,Mobiles,1,28000,0.2,22400,22000,400,UPI,Small Business,Online,1.79%,2025,Nov
ORD10780,17-09-2025,CUST1234,Priya,Male,60,Mysuru,Karnataka,South,P101,Laptop,Electronics,Computers,2,52000,0.05,98800,39000,20800,UPI,Small Business,Online,21.05%,2025,Sep
ORD10781,24-01-2025,CUST1234,Pooja,Male,31,Jaipur,Rajasthan,North,P112,Notebook,Stationery,Paper,1,450,0,450,280,170,UPI,Small Business,Online,37.78%,2025,Jan
ORD10782,19-08-2025,CUST1225,Vignesh,Male,21,Coimbatore,Tamil Nadu,South,P102,Smartphone,Electronics,Mobiles,3,28000,0.05,79800,22000,13800,Net Banking,Small Business,Online,17.29%,2025,Aug
ORD10783,23-02-2025,CUST1245,Priya,Female,31,Bengaluru,Karnataka,South,P102,Smartphone,Electronics,Mobiles,2,28000,0.15,47600,22000,3600,Net Banking,Consumer,Online,7.56%,2025,Feb
ORD10784,15-06-2025,CUST1191,Kavya,Male,22,Mumbai,Maharashtra,West,P109,Backpack,Bags,Travel,1,2200,0.05,2090,1400,690,Credit Card,Corporate,Online,33.01%,2025,Jun
ORD10785,21-04-2025,CUST1205,Swathi,Female,35,Hyderabad,Telangana,South,P109,Backpack,Bags,Travel,1,2200,0,2200,1400,800,UPI,Small Business,Online,36.36%,2025,Apr
ORD10786,23-08-2025,CUST1165,Rahul,Female,32,Ahmedabad,Gujarat,West,P110,Headphones,Electronics,Audio,1,3500,0.15,2975,2200,775,Debit Card,Small Business,Online,26.05%,2025,Aug
ORD10787,15-10-2025,CUST1202,Aditya,Female,23,Kolkata,West Bengal,East,P110,Headphones,Electronics,Audio,2,3500,0.05,6650,2200,2250,UPI,Consumer,Store,33.83%,2025,Oct
ORD10788,13-07-2025,CUST1110,Aditya,Female,41,Jaipur,Rajasthan,North,P111,Printer,Electronics,Printers,4,12500,0.2,40000,9200,3200,Debit Card,Consumer,Online,8.00%,2025,Jul
ORD10789,31-01-2025,CUST1205,Priya,Female,34,Kochi,Kerala,South,P111,Printer,Electronics,Printers,2,12500,0.2,20000,9200,1600,UPI,Consumer,Online,8.00%,2025,Jan
ORD10790,22-06-2025,CUST1035,Ananya,Male,57,Ahmedabad,Gujarat,West,P101,Laptop,Electronics,Computers,1,52000,0,52000,39000,13000,Credit Card,Consumer,Store,25.00%,2025,Jun
ORD10791,29-11-2025,CUST1127,Sanjay,Male,48,Bengaluru,Karnataka,South,P110,Headphones,Electronics,Audio,1,3500,0.05,3325,2200,1125,UPI,Corporate,Online,33.83%,2025,Nov
ORD10792,14-09-2025,CUST1135,Arun,Male,51,Kolkata,West Bengal,East,P111,Printer,Electronics,Printers,1,12500,0.1,11250,9200,2050,Debit Card,Consumer,Online,18.22%,2025,Sep
ORD10793,20-02-2025,CUST1081,Sneha,Male,20,Delhi,Delhi,North,P104,Monitor,Electronics,Accessories,2,14000,0.15,23800,10500,2800,UPI,Corporate,Online,11.76%,2025,Feb
ORD10794,20-03-2025,CUST1161,Swathi,Male,32,Mumbai,Maharashtra,West,P104,Monitor,Electronics,Accessories,2,14000,0.1,25200,10500,4200,Credit Card,Consumer,Online,16.67%,2025,Mar
ORD10795,24-08-2025,CUST1173,Sanjay,Female,29,Kochi,Kerala,South,P107,Desk,Furniture,Tables,2,12000,0.05,22800,8000,6800,Net Banking,Consumer,Store,29.82%,2025,Aug
ORD10796,11-05-2025,CUST1255,Vivek,Female,50,Kochi,Kerala,South,P107,Desk,Furniture,Tables,2,12000,0,24000,8000,8000,Cash,Consumer,Online,33.33%,2025,May
ORD10797,20-11-2025,CUST1128,Sanjay,Male,48,Mumbai,Maharashtra,West,P107,Desk,Furniture,Tables,1,12000,0,12000,8000,4000,Debit Card,Corporate,Store,33.33%,2025,Nov
ORD10798,16-09-2025,CUST1251,Meera,Male,28,Mysuru,Karnataka,South,P105,Keyboard,Electronics,Accessories,1,1800,0.05,1710,1200,510,Debit Card,Corporate,Store,29.82%,2025,Sep
ORD10799,16-11-2025,CUST1269,Priya,Male,27,Hyderabad,Telangana,South,P105,Keyboard,Electronics,Accessories,2,1800,0.05,3420,1200,1020,Cash,Corporate,Online,29.82%,2025,Nov
ORD10800,02-12-2025,CUST1196,Aditya,Female,44,Mysuru,Karnataka,South,P112,Notebook,Stationery,Paper,1,450,0,450,280,170,Debit Card,Corporate,Online,37.78%,2025,Dec
ORD10801,31-10-2025,CUST1276,Pooja,Female,43,Kolkata,West Bengal,East,P110,Headphones,Electronics,Audio,2,3500,0.05,6650,2200,2250,Debit Card,Consumer,Store,33.83%,2025,Oct
ORD10802,19-07-2025,CUST1031,Nikhil,Female,40,Mumbai,Maharashtra,West,P101,Laptop,Electronics,Computers,1,52000,0.15,44200,39000,5200,UPI,Consumer,Online,11.76%,2025,Jul
ORD10803,23-12-2025,CUST1061,Rohan,Male,25,Ahmedabad,Gujarat,West,P110,Headphones,Electronics,Audio,1,3500,0.1,3150,2200,950,UPI,Corporate,Online,30.16%,2025,Dec
ORD10804,23-03-2025,CUST1010,Sanjay,Male,36,Ahmedabad,Gujarat,West,P109,Backpack,Bags,Travel,2,2200,0,4400,1400,1600,Credit Card,Small Business,Store,36.36%,2025,Mar
ORD10805,05-04-2025,CUST1035,Arun,Female,31,Coimbatore,Tamil Nadu,South,P103,Tablet,Electronics,Tablets,2,22000,0.15,37400,16500,4400,UPI,Consumer,Online,11.76%,2025,Apr
ORD10806,15-07-2025,CUST1133,Ananya,Male,23,Coimbatore,Tamil Nadu,South,P112,Notebook,Stationery,Paper,1,450,0.05,427.5,280,147.5,UPI,Small Business,Online,34.50%,2025,Jul
ORD10807,18-02-2025,CUST1016,Neha,Female,42,Kolkata,West Bengal,East,P105,Keyboard,Electronics,Accessories,1,1800,0.1,1620,1200,420,Credit Card,Consumer,Store,25.93%,2025,Feb
ORD10808,01-12-2025,CUST1266,Kavya,Female,48,Ahmedabad,Gujarat,West,P107,Desk,Furniture,Tables,1,12000,0.1,10800,8000,2800,Net Banking,Consumer,Store,25.93%,2025,Dec
ORD10809,03-11-2025,CUST1097,Karthik,Female,35,Mumbai,Maharashtra,West,P102,Smartphone,Electronics,Mobiles,3,28000,0.1,75600,22000,9600,Net Banking,Small Business,Online,12.70%,2025,Nov
ORD10810,04-11-2025,CUST1074,Arun,Female,45,Kochi,Kerala,South,P106,Office Chair,Furniture,Chairs,2,8500,0.2,13600,5600,2400,Net Banking,Consumer,Online,17.65%,2025,Nov
ORD10811,16-08-2025,CUST1245,Aditya,Female,35,Coimbatore,Tamil Nadu,South,P104,Monitor,Electronics,Accessories,2,14000,0.05,26600,10500,5600,Debit Card,Consumer,Online,21.05%,2025,Aug
ORD10812,06-11-2025,CUST1112,Aditya,Male,40,Hyderabad,Telangana,South,P104,Monitor,Electronics,Accessories,2,14000,0.05,26600,10500,5600,UPI,Corporate,Online,21.05%,2025,Nov
ORD10813,20-12-2025,CUST1204,Rahul,Female,24,Kochi,Kerala,South,P111,Printer,Electronics,Printers,3,12500,0,37500,9200,9900,Credit Card,Corporate,Online,26.40%,2025,Dec
ORD10814,18-05-2025,CUST1208,Nikhil,Male,29,Mumbai,Maharashtra,West,P111,Printer,Electronics,Printers,2,12500,0.15,21250,9200,2850,UPI,Small Business,Online,13.41%,2025,May
ORD10815,06-07-2025,CUST1132,Rohan,Male,51,Kolkata,West Bengal,East,P111,Printer,Electronics,Printers,2,12500,0.05,23750,9200,5350,Debit Card,Consumer,Store,22.53%,2025,Jul
ORD10816,30-06-2025,CUST1019,Rahul,Male,50,Delhi,Delhi,North,P104,Monitor,Electronics,Accessories,1,14000,0.15,11900,10500,1400,Debit Card,Small Business,Online,11.76%,2025,Jun
ORD10817,15-12-2025,CUST1068,Aditya,Female,59,Jaipur,Rajasthan,North,P106,Office Chair,Furniture,Chairs,3,8500,0,25500,5600,8700,UPI,Corporate,Store,34.12%,2025,Dec
ORD10818,08-10-2025,CUST1175,Meera,Male,48,Kolkata,West Bengal,East,P101,Laptop,Electronics,Computers,1,52000,0,52000,39000,13000,Net Banking,Consumer,Online,25.00%,2025,Oct
ORD10819,10-01-2025,CUST1287,Karthik,Male,56,Bengaluru,Karnataka,South,P107,Desk,Furniture,Tables,4,12000,0.1,43200,8000,11200,UPI,Consumer,Online,25.93%,2025,Jan
ORD10820,21-03-2025,CUST1267,Karthik,Male,54,Kolkata,West Bengal,East,P108,Bookshelf,Furniture,Storage,2,7000,0.15,11900,4700,2500,Net Banking,Consumer,Online,21.01%,2025,Mar
ORD10821,03-02-2025,CUST1266,Manoj,Male,35,Bengaluru,Karnataka,South,P110,Headphones,Electronics,Audio,1,3500,0,3500,2200,1300,UPI,Corporate,Online,37.14%,2025,Feb
ORD10822,25-09-2025,CUST1298,Rahul,Male,54,Kochi,Kerala,South,P104,Monitor,Electronics,Accessories,2,14000,0.05,26600,10500,5600,UPI,Consumer,Online,21.05%,2025,Sep
ORD10823,29-06-2025,CUST1207,Ananya,Male,48,Mysuru,Karnataka,South,P111,Printer,Electronics,Printers,2,12500,0.1,22500,9200,4100,UPI,Consumer,Online,18.22%,2025,Jun
ORD10824,24-04-2025,CUST1184,Rahul,Male,34,Mumbai,Maharashtra,West,P105,Keyboard,Electronics,Accessories,1,1800,0,1800,1200,600,Debit Card,Consumer,Online,33.33%,2025,Apr
ORD10825,10-08-2025,CUST1274,Manoj,Female,52,Mumbai,Maharashtra,West,P103,Tablet,Electronics,Tablets,2,22000,0.15,37400,16500,4400,Net Banking,Consumer,Online,11.76%,2025,Aug
ORD10826,06-05-2025,CUST1159,Sanjay,Female,50,Ahmedabad,Gujarat,West,P107,Desk,Furniture,Tables,1,12000,0.05,11400,8000,3400,Cash,Consumer,Store,29.82%,2025,May
ORD10827,01-07-2025,CUST1122,Amit,Male,26,Pune,Maharashtra,West,P104,Monitor,Electronics,Accessories,2,14000,0.15,23800,10500,2800,UPI,Small Business,Online,11.76%,2025,Jul
ORD10828,25-08-2025,CUST1265,Ananya,Female,38,Hyderabad,Telangana,South,P110,Headphones,Electronics,Audio,1,3500,0,3500,2200,1300,UPI,Corporate,Store,37.14%,2025,Aug
ORD10829,26-03-2025,CUST1020,Aditya,Female,47,Kochi,Kerala,South,P112,Notebook,Stationery,Paper,2,450,0.2,720,280,160,UPI,Consumer,Store,22.22%,2025,Mar
ORD10830,27-06-2025,CUST1297,Pooja,Male,28,Hyderabad,Telangana,South,P110,Headphones,Electronics,Audio,4,3500,0.15,11900,2200,3100,Credit Card,Consumer,Online,26.05%,2025,Jun
ORD10831,27-07-2025,CUST1115,Priya,Male,37,Coimbatore,Tamil Nadu,South,P101,Laptop,Electronics,Computers,2,52000,0.25,78000,39000,0,Credit Card,Small Business,Store,0.00%,2025,Jul
ORD10832,27-02-2025,CUST1063,Manoj,Male,44,Jaipur,Rajasthan,North,P112,Notebook,Stationery,Paper,1,450,0,450,280,170,Debit Card,Consumer,Online,37.78%,2025,Feb
ORD10833,22-12-2025,CUST1040,Ananya,Male,25,Hyderabad,Telangana,South,P105,Keyboard,Electronics,Accessories,2,1800,0.15,3060,1200,660,Credit Card,Consumer,Online,21.57%,2025,Dec
ORD10834,07-12-2025,CUST1057,Meera,Female,46,Kolkata,West Bengal,East,P104,Monitor,Electronics,Accessories,1,14000,0.05,13300,10500,2800,UPI,Consumer,Store,21.05%,2025,Dec
ORD10835,05-11-2025,CUST1272,Meera,Female,28,Coimbatore,Tamil Nadu,South,P106,Office Chair,Furniture,Chairs,3,8500,0,25500,5600,8700,Credit Card,Corporate,Store,34.12%,2025,Nov
ORD10836,28-02-2025,CUST1249,Vivek,Female,35,Mysuru,Karnataka,South,P103,Tablet,Electronics,Tablets,3,22000,0.1,59400,16500,9900,Credit Card,Consumer,Store,16.67%,2025,Feb
ORD10837,02-08-2025,CUST1065,Manoj,Male,49,Ahmedabad,Gujarat,West,P106,Office Chair,Furniture,Chairs,2,8500,0.1,15300,5600,4100,Credit Card,Consumer,Online,26.80%,2025,Aug
ORD10838,13-03-2025,CUST1243,Aditya,Male,43,Kochi,Kerala,South,P102,Smartphone,Electronics,Mobiles,1,28000,0.1,25200,22000,3200,Debit Card,Small Business,Online,12.70%,2025,Mar
ORD10839,08-10-2025,CUST1179,Amit,Male,25,Delhi,Delhi,North,P112,Notebook,Stationery,Paper,5,450,0.05,2137.5,280,737.5,Net Banking,Corporate,Online,34.50%,2025,Oct
ORD10840,31-10-2025,CUST1191,Vignesh,Male,45,Mumbai,Maharashtra,West,P111,Printer,Electronics,Printers,2,12500,0.1,22500,9200,4100,UPI,Small Business,Store,18.22%,2025,Oct
ORD10841,06-07-2025,CUST1196,Swathi,Female,54,Pune,Maharashtra,West,P105,Keyboard,Electronics,Accessories,1,1800,0,1800,1200,600,Credit Card,Consumer,Online,33.33%,2025,Jul
ORD10842,11-05-2025,CUST1224,Vignesh,Female,33,Kolkata,West Bengal,East,P112,Notebook,Stationery,Paper,2,450,0.15,765,280,205,Credit Card,Small Business,Online,26.80%,2025,May
ORD10843,18-03-2025,CUST1160,Vivek,Male,32,Mumbai,Maharashtra,West,P110,Headphones,Electronics,Audio,1,3500,0.15,2975,2200,775,UPI,Corporate,Online,26.05%,2025,Mar
ORD10844,16-08-2025,CUST1128,Manoj,Male,34,Kolkata,West Bengal,East,P108,Bookshelf,Furniture,Storage,1,7000,0.05,6650,4700,1950,UPI,Consumer,Store,29.32%,2025,Aug
ORD10845,22-05-2025,CUST1136,Vivek,Female,20,Kochi,Kerala,South,P109,Backpack,Bags,Travel,1,2200,0.15,1870,1400,470,Debit Card,Corporate,Online,25.13%,2025,May
ORD10846,15-01-2025,CUST1185,Priya,Female,52,Jaipur,Rajasthan,North,P103,Tablet,Electronics,Tablets,4,22000,0.2,70400,16500,4400,UPI,Corporate,Store,6.25%,2025,Jan
ORD10847,02-09-2025,CUST1231,Kavya,Female,25,Bengaluru,Karnataka,South,P108,Bookshelf,Furniture,Storage,2,7000,0.1,12600,4700,3200,UPI,Consumer,Online,25.40%,2025,Sep
ORD10848,05-10-2025,CUST1029,Pooja,Male,28,Kolkata,West Bengal,East,P104,Monitor,Electronics,Accessories,2,14000,0.15,23800,10500,2800,UPI,Consumer,Online,11.76%,2025,Oct
ORD10849,17-03-2025,CUST1164,Manoj,Male,59,Jaipur,Rajasthan,North,P105,Keyboard,Electronics,Accessories,2,1800,0,3600,1200,1200,Net Banking,Small Business,Store,33.33%,2025,Mar
ORD10850,10-06-2025,CUST1259,Sanjay,Male,34,Mumbai,Maharashtra,West,P101,Laptop,Electronics,Computers,1,52000,0.1,46800,39000,7800,Credit Card,Small Business,Store,16.67%,2025,Jun
ORD10851,01-03-2025,CUST1125,Neha,Male,30,Mysuru,Karnataka,South,P111,Printer,Electronics,Printers,2,12500,0,25000,9200,6600,Debit Card,Corporate,Online,26.40%,2025,Mar
ORD10852,21-11-2025,CUST1179,Sanjay,Female,40,Pune,Maharashtra,West,P109,Backpack,Bags,Travel,4,2200,0.1,7920,1400,2320,Debit Card,Consumer,Online,29.29%,2025,Nov
ORD10853,29-05-2025,CUST1025,Ananya,Male,54,Ahmedabad,Gujarat,West,P108,Bookshelf,Furniture,Storage,2,7000,0.1,12600,4700,3200,Credit Card,Corporate,Online,25.40%,2025,May
ORD10854,19-12-2025,CUST1197,Karthik,Female,43,Mumbai,Maharashtra,West,P112,Notebook,Stationery,Paper,4,450,0.15,1530,280,410,Debit Card,Consumer,Online,26.80%,2025,Dec
ORD10855,23-05-2025,CUST1049,Kavya,Female,35,Jaipur,Rajasthan,North,P104,Monitor,Electronics,Accessories,1,14000,0,14000,10500,3500,UPI,Corporate,Store,25.00%,2025,May
ORD10856,26-02-2025,CUST1120,Manoj,Male,26,Pune,Maharashtra,West,P109,Backpack,Bags,Travel,1,2200,0.25,1650,1400,250,UPI,Consumer,Online,15.15%,2025,Feb
ORD10857,12-09-2025,CUST1002,Amit,Male,40,Coimbatore,Tamil Nadu,South,P109,Backpack,Bags,Travel,1,2200,0.1,1980,1400,580,UPI,Consumer,Store,29.29%,2025,Sep
ORD10858,11-05-2025,CUST1100,Neha,Male,42,Mumbai,Maharashtra,West,P109,Backpack,Bags,Travel,1,2200,0,2200,1400,800,Debit Card,Corporate,Online,36.36%,2025,May
ORD10859,10-12-2025,CUST1159,Pooja,Male,30,Hyderabad,Telangana,South,P103,Tablet,Electronics,Tablets,1,22000,0.15,18700,16500,2200,Credit Card,Consumer,Online,11.76%,2025,Dec
ORD10860,30-01-2025,CUST1266,Rohan,Female,44,Kochi,Kerala,South,P103,Tablet,Electronics,Tablets,1,22000,0.15,18700,16500,2200,UPI,Corporate,Online,11.76%,2025,Jan
ORD10861,05-11-2025,CUST1129,Rahul,Female,38,Kochi,Kerala,South,P109,Backpack,Bags,Travel,3,2200,0.1,5940,1400,1740,UPI,Small Business,Store,29.29%,2025,Nov
ORD10862,08-08-2025,CUST1259,Swathi,Female,53,Pune,Maharashtra,West,P111,Printer,Electronics,Printers,1,12500,0.15,10625,9200,1425,Debit Card,Consumer,Online,13.41%,2025,Aug
ORD10863,15-06-2025,CUST1128,Pooja,Female,54,Hyderabad,Telangana,South,P108,Bookshelf,Furniture,Storage,1,7000,0.05,6650,4700,1950,Cash,Small Business,Online,29.32%,2025,Jun
ORD10864,11-04-2025,CUST1132,Pooja,Male,53,Kochi,Kerala,South,P111,Printer,Electronics,Printers,3,12500,0.1,33750,9200,6150,UPI,Small Business,Online,18.22%,2025,Apr
ORD10865,05-07-2025,CUST1108,Sanjay,Female,53,Coimbatore,Tamil Nadu,South,P110,Headphones,Electronics,Audio,2,3500,0.15,5950,2200,1550,UPI,Consumer,Online,26.05%,2025,Jul
ORD10866,04-02-2025,CUST1275,Manoj,Male,27,Kochi,Kerala,South,P107,Desk,Furniture,Tables,1,12000,0.2,9600,8000,1600,Net Banking,Consumer,Online,16.67%,2025,Feb
ORD10867,26-01-2025,CUST1266,Kavya,Female,21,Jaipur,Rajasthan,North,P107,Desk,Furniture,Tables,1,12000,0,12000,8000,4000,UPI,Consumer,Online,33.33%,2025,Jan
ORD10868,28-03-2025,CUST1020,Pooja,Male,30,Coimbatore,Tamil Nadu,South,P103,Tablet,Electronics,Tablets,1,22000,0.1,19800,16500,3300,Net Banking,Consumer,Store,16.67%,2025,Mar
ORD10869,08-02-2025,CUST1290,Arun,Female,59,Mumbai,Maharashtra,West,P103,Tablet,Electronics,Tablets,2,22000,0.05,41800,16500,8800,Debit Card,Consumer,Online,21.05%,2025,Feb
ORD10870,19-07-2025,CUST1227,Neha,Female,60,Bengaluru,Karnataka,South,P106,Office Chair,Furniture,Chairs,1,8500,0,8500,5600,2900,Cash,Consumer,Online,34.12%,2025,Jul
ORD10871,01-12-2025,CUST1086,Meera,Female,56,Coimbatore,Tamil Nadu,South,P106,Office Chair,Furniture,Chairs,1,8500,0.15,7225,5600,1625,Cash,Consumer,Store,22.49%,2025,Dec
ORD10872,02-02-2025,CUST1044,Vignesh,Female,44,Hyderabad,Telangana,South,P105,Keyboard,Electronics,Accessories,3,1800,0.15,4590,1200,990,Cash,Corporate,Store,21.57%,2025,Feb
ORD10873,03-11-2025,CUST1121,Neha,Female,43,Bengaluru,Karnataka,South,P112,Notebook,Stationery,Paper,4,450,0.15,1530,280,410,UPI,Consumer,Online,26.80%,2025,Nov
ORD10874,24-11-2025,CUST1071,Amit,Female,21,Kochi,Kerala,South,P108,Bookshelf,Furniture,Storage,1,7000,0.1,6300,4700,1600,UPI,Consumer,Online,25.40%,2025,Nov
ORD10875,10-05-2025,CUST1061,Swathi,Female,55,Hyderabad,Telangana,South,P112,Notebook,Stationery,Paper,1,450,0.1,405,280,125,UPI,Consumer,Online,30.86%,2025,May
ORD10876,30-11-2025,CUST1284,Nikhil,Male,55,Coimbatore,Tamil Nadu,South,P102,Smartphone,Electronics,Mobiles,1,28000,0.05,26600,22000,4600,UPI,Corporate,Online,17.29%,2025,Nov
ORD10877,23-08-2025,CUST1150,Arun,Male,32,Pune,Maharashtra,West,P107,Desk,Furniture,Tables,3,12000,0.05,34200,8000,10200,UPI,Consumer,Store,29.82%,2025,Aug
ORD10878,06-01-2025,CUST1144,Vignesh,Male,59,Mysuru,Karnataka,South,P107,Desk,Furniture,Tables,2,12000,0.1,21600,8000,5600,Debit Card,Consumer,Store,25.93%,2025,Jan
ORD10879,30-10-2025,CUST1279,Nikhil,Male,50,Kochi,Kerala,South,P104,Monitor,Electronics,Accessories,1,14000,0.1,12600,10500,2100,UPI,Corporate,Store,16.67%,2025,Oct
ORD10880,20-01-2025,CUST1112,Rahul,Female,37,Delhi,Delhi,North,P101,Laptop,Electronics,Computers,2,52000,0.05,98800,39000,20800,UPI,Consumer,Store,21.05%,2025,Jan
ORD10881,20-04-2025,CUST1088,Manoj,Female,33,Delhi,Delhi,North,P108,Bookshelf,Furniture,Storage,1,7000,0.25,5250,4700,550,Debit Card,Consumer,Online,10.48%,2025,Apr
ORD10882,16-10-2025,CUST1033,Sanjay,Female,55,Jaipur,Rajasthan,North,P107,Desk,Furniture,Tables,3,12000,0.05,34200,8000,10200,UPI,Consumer,Online,29.82%,2025,Oct
ORD10883,03-08-2025,CUST1054,Karthik,Female,35,Delhi,Delhi,North,P108,Bookshelf,Furniture,Storage,1,7000,0.25,5250,4700,550,Debit Card,Consumer,Online,10.48%,2025,Aug
ORD10884,27-01-2025,CUST1166,Aditya,Male,58,Pune,Maharashtra,West,P101,Laptop,Electronics,Computers,1,52000,0.1,46800,39000,7800,UPI,Consumer,Store,16.67%,2025,Jan
ORD10885,22-12-2025,CUST1125,Rahul,Female,55,Bengaluru,Karnataka,South,P105,Keyboard,Electronics,Accessories,1,1800,0.05,1710,1200,510,Debit Card,Small Business,Store,29.82%,2025,Dec
ORD10886,13-01-2025,CUST1183,Neha,Male,43,Pune,Maharashtra,West,P109,Backpack,Bags,Travel,1,2200,0.1,1980,1400,580,Credit Card,Consumer,Online,29.29%,2025,Jan
ORD10887,08-09-2025,CUST1250,Rohan,Female,30,Coimbatore,Tamil Nadu,South,P103,Tablet,Electronics,Tablets,1,22000,0.1,19800,16500,3300,Debit Card,Consumer,Online,16.67%,2025,Sep
ORD10888,24-06-2025,CUST1114,Vignesh,Male,30,Chennai,Tamil Nadu,South,P107,Desk,Furniture,Tables,4,12000,0,48000,8000,16000,Credit Card,Consumer,Store,33.33%,2025,Jun
ORD10889,01-12-2025,CUST1016,Sanjay,Female,57,Kochi,Kerala,South,P101,Laptop,Electronics,Computers,4,52000,0.2,166400,39000,10400,UPI,Consumer,Online,6.25%,2025,Dec
ORD10890,19-08-2025,CUST1009,Divya,Female,33,Chennai,Tamil Nadu,South,P104,Monitor,Electronics,Accessories,1,14000,0.15,11900,10500,1400,Net Banking,Consumer,Online,11.76%,2025,Aug
ORD10891,17-02-2025,CUST1078,Rohan,Female,60,Mysuru,Karnataka,South,P102,Smartphone,Electronics,Mobiles,1,28000,0.05,26600,22000,4600,UPI,Consumer,Online,17.29%,2025,Feb
ORD10892,05-04-2025,CUST1217,Sanjay,Male,32,Delhi,Delhi,North,P108,Bookshelf,Furniture,Storage,1,7000,0,7000,4700,2300,Credit Card,Consumer,Online,32.86%,2025,Apr
ORD10893,07-09-2025,CUST1087,Amit,Female,44,Ahmedabad,Gujarat,West,P105,Keyboard,Electronics,Accessories,3,1800,0,5400,1200,1800,UPI,Small Business,Online,33.33%,2025,Sep
ORD10894,02-11-2025,CUST1254,Manoj,Female,27,Jaipur,Rajasthan,North,P104,Monitor,Electronics,Accessories,1,14000,0.15,11900,10500,1400,Net Banking,Consumer,Online,11.76%,2025,Nov
ORD10895,09-12-2025,CUST1040,Pooja,Male,41,Coimbatore,Tamil Nadu,South,P104,Monitor,Electronics,Accessories,1,14000,0.05,13300,10500,2800,Cash,Small Business,Online,21.05%,2025,Dec
ORD10896,20-10-2025,CUST1068,Rahul,Female,41,Jaipur,Rajasthan,North,P101,Laptop,Electronics,Computers,1,52000,0.1,46800,39000,7800,Cash,Corporate,Store,16.67%,2025,Oct
ORD10897,30-03-2025,CUST1125,Neha,Male,28,Mysuru,Karnataka,South,P112,Notebook,Stationery,Paper,1,450,0,450,280,170,Debit Card,Corporate,Online,37.78%,2025,Mar
ORD10898,15-12-2025,CUST1020,Arun,Male,55,Mumbai,Maharashtra,West,P101,Laptop,Electronics,Computers,2,52000,0.05,98800,39000,20800,Debit Card,Corporate,Online,21.05%,2025,Dec
ORD10899,11-01-2025,CUST1287,Sanjay,Female,50,Ahmedabad,Gujarat,West,P111,Printer,Electronics,Printers,2,12500,0.1,22500,9200,4100,UPI,Small Business,Store,18.22%,2025,Jan
ORD10900,12-05-2025,CUST1272,Sanjay,Male,40,Hyderabad,Telangana,South,P101,Laptop,Electronics,Computers,1,52000,0.05,49400,39000,10400,Debit Card,Consumer,Online,21.05%,2025,May
ORD10901,01-05-2025,CUST1207,Rahul,Female,36,Chennai,Tamil Nadu,South,P105,Keyboard,Electronics,Accessories,2,1800,0.15,3060,1200,660,Credit Card,Consumer,Online,21.57%,2025,May
ORD10902,25-05-2025,CUST1057,Swathi,Male,20,Jaipur,Rajasthan,North,P105,Keyboard,Electronics,Accessories,2,1800,0.2,2880,1200,480,UPI,Consumer,Online,16.67%,2025,May
ORD10903,20-02-2025,CUST1087,Sneha,Female,38,Hyderabad,Telangana,South,P101,Laptop,Electronics,Computers,2,52000,0.05,98800,39000,20800,Credit Card,Consumer,Online,21.05%,2025,Feb
ORD10904,26-01-2025,CUST1246,Swathi,Male,39,Jaipur,Rajasthan,North,P106,Office Chair,Furniture,Chairs,1,8500,0,8500,5600,2900,Credit Card,Consumer,Online,34.12%,2025,Jan
ORD10905,21-09-2025,CUST1149,Aditya,Female,28,Coimbatore,Tamil Nadu,South,P106,Office Chair,Furniture,Chairs,1,8500,0,8500,5600,2900,UPI,Consumer,Online,34.12%,2025,Sep
ORD10906,02-07-2025,CUST1242,Amit,Female,34,Kochi,Kerala,South,P104,Monitor,Electronics,Accessories,1,14000,0.15,11900,10500,1400,Net Banking,Small Business,Online,11.76%,2025,Jul
ORD10907,11-07-2025,CUST1080,Vivek,Female,58,Hyderabad,Telangana,South,P107,Desk,Furniture,Tables,4,12000,0.15,40800,8000,8800,Cash,Consumer,Store,21.57%,2025,Jul
ORD10908,14-06-2025,CUST1152,Ananya,Female,31,Ahmedabad,Gujarat,West,P111,Printer,Electronics,Printers,3,12500,0.05,35625,9200,8025,Debit Card,Corporate,Online,22.53%,2025,Jun
ORD10909,12-07-2025,CUST1118,Vignesh,Female,51,Delhi,Delhi,North,P107,Desk,Furniture,Tables,1,12000,0.05,11400,8000,3400,UPI,Consumer,Online,29.82%,2025,Jul
ORD10910,26-04-2025,CUST1188,Sneha,Female,25,Delhi,Delhi,North,P105,Keyboard,Electronics,Accessories,2,1800,0.2,2880,1200,480,Debit Card,Consumer,Store,16.67%,2025,Apr
ORD10911,22-11-2025,CUST1069,Pooja,Female,48,Chennai,Tamil Nadu,South,P106,Office Chair,Furniture,Chairs,4,8500,0.15,28900,5600,6500,Cash,Consumer,Online,22.49%,2025,Nov
ORD10912,16-05-2025,CUST1055,Sanjay,Male,21,Kolkata,West Bengal,East,P111,Printer,Electronics,Printers,2,12500,0.25,18750,9200,350,UPI,Consumer,Store,1.87%,2025,May
ORD10913,12-12-2025,CUST1248,Manoj,Male,36,Delhi,Delhi,North,P101,Laptop,Electronics,Computers,5,52000,0.1,234000,39000,39000,Credit Card,Corporate,Store,16.67%,2025,Dec
ORD10914,30-08-2025,CUST1285,Aditya,Female,29,Coimbatore,Tamil Nadu,South,P110,Headphones,Electronics,Audio,2,3500,0.15,5950,2200,1550,UPI,Small Business,Online,26.05%,2025,Aug
ORD10915,27-12-2025,CUST1229,Rahul,Female,58,Delhi,Delhi,North,P108,Bookshelf,Furniture,Storage,1,7000,0.05,6650,4700,1950,Credit Card,Consumer,Online,29.32%,2025,Dec
ORD10916,19-06-2025,CUST1047,Vignesh,Male,56,Mumbai,Maharashtra,West,P101,Laptop,Electronics,Computers,1,52000,0,52000,39000,13000,Credit Card,Consumer,Store,25.00%,2025,Jun
ORD10917,17-04-2025,CUST1065,Pooja,Male,55,Bengaluru,Karnataka,South,P108,Bookshelf,Furniture,Storage,5,7000,0.15,29750,4700,6250,UPI,Small Business,Online,21.01%,2025,Apr
ORD10918,06-08-2025,CUST1136,Pooja,Female,22,Bengaluru,Karnataka,South,P111,Printer,Electronics,Printers,1,12500,0.05,11875,9200,2675,Credit Card,Consumer,Online,22.53%,2025,Aug
ORD10919,25-04-2025,CUST1013,Vignesh,Male,32,Kolkata,West Bengal,East,P101,Laptop,Electronics,Computers,2,52000,0.15,88400,39000,10400,Net Banking,Small Business,Online,11.76%,2025,Apr
ORD10920,04-06-2025,CUST1248,Sanjay,Female,22,Kochi,Kerala,South,P104,Monitor,Electronics,Accessories,3,14000,0.15,35700,10500,4200,Credit Card,Consumer,Store,11.76%,2025,Jun
ORD10921,20-04-2025,CUST1067,Swathi,Male,31,Kolkata,West Bengal,East,P104,Monitor,Electronics,Accessories,1,14000,0.2,11200,10500,700,UPI,Corporate,Store,6.25%,2025,Apr
ORD10922,24-01-2025,CUST1291,Swathi,Female,59,Hyderabad,Telangana,South,P103,Tablet,Electronics,Tablets,1,22000,0.05,20900,16500,4400,Debit Card,Corporate,Online,21.05%,2025,Jan
ORD10923,27-05-2025,CUST1268,Meera,Female,31,Bengaluru,Karnataka,South,P104,Monitor,Electronics,Accessories,1,14000,0.15,11900,10500,1400,UPI,Consumer,Online,11.76%,2025,May
ORD10924,17-04-2025,CUST1134,Manoj,Male,51,Coimbatore,Tamil Nadu,South,P104,Monitor,Electronics,Accessories,1,14000,0,14000,10500,3500,Credit Card,Corporate,Online,25.00%,2025,Apr
ORD10925,26-05-2025,CUST1159,Amit,Male,40,Hyderabad,Telangana,South,P106,Office Chair,Furniture,Chairs,1,8500,0,8500,5600,2900,Credit Card,Small Business,Online,34.12%,2025,May
ORD10926,31-03-2025,CUST1212,Karthik,Male,46,Coimbatore,Tamil Nadu,South,P107,Desk,Furniture,Tables,1,12000,0.15,10200,8000,2200,Debit Card,Consumer,Online,21.57%,2025,Mar
ORD10927,08-05-2025,CUST1211,Meera,Female,24,Hyderabad,Telangana,South,P111,Printer,Electronics,Printers,1,12500,0,12500,9200,3300,Net Banking,Consumer,Online,26.40%,2025,May
ORD10928,30-11-2025,CUST1056,Divya,Female,55,Pune,Maharashtra,West,P108,Bookshelf,Furniture,Storage,2,7000,0.05,13300,4700,3900,Debit Card,Consumer,Store,29.32%,2025,Nov
ORD10929,17-02-2025,CUST1010,Divya,Female,48,Delhi,Delhi,North,P104,Monitor,Electronics,Accessories,3,14000,0.15,35700,10500,4200,Credit Card,Small Business,Online,11.76%,2025,Feb
ORD10930,04-10-2025,CUST1069,Karthik,Female,22,Chennai,Tamil Nadu,South,P104,Monitor,Electronics,Accessories,1,14000,0.1,12600,10500,2100,Net Banking,Consumer,Online,16.67%,2025,Oct
ORD10931,09-07-2025,CUST1096,Rahul,Female,41,Mysuru,Karnataka,South,P105,Keyboard,Electronics,Accessories,1,1800,0,1800,1200,600,UPI,Consumer,Online,33.33%,2025,Jul
ORD10932,30-06-2025,CUST1235,Neha,Female,46,Mysuru,Karnataka,South,P106,Office Chair,Furniture,Chairs,2,8500,0.2,13600,5600,2400,UPI,Corporate,Online,17.65%,2025,Jun
ORD10933,11-03-2025,CUST1115,Ananya,Female,33,Chennai,Tamil Nadu,South,P105,Keyboard,Electronics,Accessories,1,1800,0,1800,1200,600,Net Banking,Consumer,Online,33.33%,2025,Mar
ORD10934,17-08-2025,CUST1221,Karthik,Female,25,Mysuru,Karnataka,South,P101,Laptop,Electronics,Computers,2,52000,0,104000,39000,26000,Credit Card,Corporate,Online,25.00%,2025,Aug
ORD10935,20-06-2025,CUST1100,Arun,Male,35,Ahmedabad,Gujarat,West,P109,Backpack,Bags,Travel,2,2200,0,4400,1400,1600,UPI,Corporate,Online,36.36%,2025,Jun
ORD10936,25-11-2025,CUST1187,Sanjay,Female,27,Bengaluru,Karnataka,South,P107,Desk,Furniture,Tables,1,12000,0.15,10200,8000,2200,Debit Card,Consumer,Online,21.57%,2025,Nov
ORD10937,01-03-2025,CUST1066,Amit,Male,51,Delhi,Delhi,North,P109,Backpack,Bags,Travel,2,2200,0,4400,1400,1600,Credit Card,Consumer,Online,36.36%,2025,Mar
ORD10938,09-10-2025,CUST1043,Swathi,Female,46,Kolkata,West Bengal,East,P110,Headphones,Electronics,Audio,3,3500,0,10500,2200,3900,Cash,Consumer,Online,37.14%,2025,Oct
ORD10939,12-03-2025,CUST1007,Rohan,Female,22,Ahmedabad,Gujarat,West,P111,Printer,Electronics,Printers,2,12500,0.05,23750,9200,5350,Debit Card,Consumer,Online,22.53%,2025,Mar
ORD10940,25-12-2025,CUST1249,Neha,Female,43,Jaipur,Rajasthan,North,P105,Keyboard,Electronics,Accessories,1,1800,0.1,1620,1200,420,Credit Card,Consumer,Online,25.93%,2025,Dec
ORD10941,16-12-2025,CUST1126,Neha,Male,55,Coimbatore,Tamil Nadu,South,P103,Tablet,Electronics,Tablets,1,22000,0.05,20900,16500,4400,UPI,Consumer,Online,21.05%,2025,Dec
ORD10942,29-01-2025,CUST1048,Pooja,Male,21,Mumbai,Maharashtra,West,P109,Backpack,Bags,Travel,2,2200,0,4400,1400,1600,UPI,Consumer,Online,36.36%,2025,Jan
ORD10943,01-11-2025,CUST1269,Vivek,Female,39,Kolkata,West Bengal,East,P105,Keyboard,Electronics,Accessories,2,1800,0.1,3240,1200,840,Cash,Small Business,Online,25.93%,2025,Nov
ORD10944,08-12-2025,CUST1293,Manoj,Female,25,Ahmedabad,Gujarat,West,P109,Backpack,Bags,Travel,1,2200,0.05,2090,1400,690,UPI,Consumer,Online,33.01%,2025,Dec
ORD10945,30-06-2025,CUST1014,Manoj,Male,55,Coimbatore,Tamil Nadu,South,P104,Monitor,Electronics,Accessories,5,14000,0.15,59500,10500,7000,Net Banking,Consumer,Online,11.76%,2025,Jun
ORD10946,31-01-2025,CUST1021,Neha,Male,50,Coimbatore,Tamil Nadu,South,P108,Bookshelf,Furniture,Storage,1,7000,0.15,5950,4700,1250,UPI,Corporate,Online,21.01%,2025,Jan
ORD10947,30-01-2025,CUST1115,Pooja,Female,24,Mumbai,Maharashtra,West,P104,Monitor,Electronics,Accessories,1,14000,0.05,13300,10500,2800,Credit Card,Consumer,Online,21.05%,2025,Jan
ORD10948,27-07-2025,CUST1208,Ananya,Male,20,Bengaluru,Karnataka,South,P108,Bookshelf,Furniture,Storage,1,7000,0.2,5600,4700,900,UPI,Consumer,Online,16.07%,2025,Jul
ORD10949,12-06-2025,CUST1238,Ananya,Female,35,Coimbatore,Tamil Nadu,South,P108,Bookshelf,Furniture,Storage,2,7000,0.15,11900,4700,2500,Credit Card,Corporate,Online,21.01%,2025,Jun
ORD10950,22-10-2025,CUST1107,Ananya,Female,40,Delhi,Delhi,North,P105,Keyboard,Electronics,Accessories,3,1800,0.1,4860,1200,1260,Credit Card,Consumer,Store,25.93%,2025,Oct
ORD10951,07-01-2025,CUST1078,Aditya,Male,57,Bengaluru,Karnataka,South,P112,Notebook,Stationery,Paper,1,450,0.1,405,280,125,Credit Card,Consumer,Store,30.86%,2025,Jan
ORD10952,10-01-2025,CUST1029,Vivek,Female,36,Bengaluru,Karnataka,South,P102,Smartphone,Electronics,Mobiles,2,28000,0.05,53200,22000,9200,UPI,Consumer,Online,17.29%,2025,Jan
ORD10953,18-03-2025,CUST1204,Sanjay,Female,21,Mysuru,Karnataka,South,P107,Desk,Furniture,Tables,1,12000,0.05,11400,8000,3400,Net Banking,Small Business,Online,29.82%,2025,Mar
ORD10954,16-03-2025,CUST1078,Divya,Male,22,Hyderabad,Telangana,South,P104,Monitor,Electronics,Accessories,1,14000,0,14000,10500,3500,UPI,Consumer,Online,25.00%,2025,Mar
ORD10955,03-08-2025,CUST1086,Nikhil,Female,59,Coimbatore,Tamil Nadu,South,P112,Notebook,Stationery,Paper,1,450,0,450,280,170,UPI,Corporate,Online,37.78%,2025,Aug
ORD10956,04-04-2025,CUST1106,Vignesh,Female,40,Chennai,Tamil Nadu,South,P102,Smartphone,Electronics,Mobiles,1,28000,0.1,25200,22000,3200,Net Banking,Small Business,Online,12.70%,2025,Apr
ORD10957,16-10-2025,CUST1168,Arun,Male,34,Pune,Maharashtra,West,P112,Notebook,Stationery,Paper,2,450,0.15,765,280,205,UPI,Consumer,Online,26.80%,2025,Oct
ORD10958,28-07-2025,CUST1286,Nikhil,Male,40,Delhi,Delhi,North,P112,Notebook,Stationery,Paper,1,450,0.15,382.5,280,102.5,UPI,Consumer,Online,26.80%,2025,Jul
ORD10959,09-03-2025,CUST1278,Rohan,Male,29,Kochi,Kerala,South,P102,Smartphone,Electronics,Mobiles,3,28000,0.05,79800,22000,13800,Credit Card,Consumer,Store,17.29%,2025,Mar
ORD10960,14-11-2025,CUST1107,Pooja,Female,28,Jaipur,Rajasthan,North,P106,Office Chair,Furniture,Chairs,1,8500,0.1,7650,5600,2050,Credit Card,Corporate,Online,26.80%,2025,Nov
ORD10961,20-02-2025,CUST1052,Ananya,Female,27,Ahmedabad,Gujarat,West,P107,Desk,Furniture,Tables,2,12000,0.15,20400,8000,4400,Debit Card,Consumer,Store,21.57%,2025,Feb
ORD10962,03-03-2025,CUST1062,Karthik,Female,43,Mysuru,Karnataka,South,P111,Printer,Electronics,Printers,5,12500,0.2,50000,9200,4000,UPI,Consumer,Online,8.00%,2025,Mar
ORD10963,25-06-2025,CUST1173,Rohan,Male,56,Pune,Maharashtra,West,P109,Backpack,Bags,Travel,1,2200,0.05,2090,1400,690,Debit Card,Consumer,Store,33.01%,2025,Jun
ORD10964,27-06-2025,CUST1280,Neha,Female,29,Hyderabad,Telangana,South,P110,Headphones,Electronics,Audio,3,3500,0.2,8400,2200,1800,UPI,Consumer,Online,21.43%,2025,Jun
ORD10965,09-08-2025,CUST1053,Vignesh,Male,52,Kolkata,West Bengal,East,P107,Desk,Furniture,Tables,3,12000,0.25,27000,8000,3000,UPI,Consumer,Online,11.11%,2025,Aug
ORD10966,09-09-2025,CUST1295,Priya,Female,25,Kolkata,West Bengal,East,P105,Keyboard,Electronics,Accessories,2,1800,0.2,2880,1200,480,Credit Card,Consumer,Online,16.67%,2025,Sep
ORD10967,13-02-2025,CUST1091,Arun,Female,41,Kolkata,West Bengal,East,P109,Backpack,Bags,Travel,1,2200,0.15,1870,1400,470,Debit Card,Consumer,Store,25.13%,2025,Feb
ORD10968,10-05-2025,CUST1175,Sanjay,Female,46,Kochi,Kerala,South,P111,Printer,Electronics,Printers,1,12500,0.1,11250,9200,2050,Credit Card,Consumer,Online,18.22%,2025,May
ORD10969,13-01-2025,CUST1003,Aditya,Female,33,Mumbai,Maharashtra,West,P101,Laptop,Electronics,Computers,1,52000,0.15,44200,39000,5200,UPI,Consumer,Online,11.76%,2025,Jan
ORD10970,01-08-2025,CUST1003,Swathi,Female,23,Hyderabad,Telangana,South,P103,Tablet,Electronics,Tablets,1,22000,0.15,18700,16500,2200,Debit Card,Consumer,Store,11.76%,2025,Aug
ORD10971,22-05-2025,CUST1086,Vivek,Female,31,Jaipur,Rajasthan,North,P101,Laptop,Electronics,Computers,1,52000,0.15,44200,39000,5200,Credit Card,Consumer,Online,11.76%,2025,May
ORD10972,14-04-2025,CUST1186,Pooja,Female,56,Delhi,Delhi,North,P102,Smartphone,Electronics,Mobiles,3,28000,0.05,79800,22000,13800,UPI,Corporate,Online,17.29%,2025,Apr
ORD10973,26-11-2025,CUST1050,Vivek,Male,27,Mysuru,Karnataka,South,P109,Backpack,Bags,Travel,2,2200,0,4400,1400,1600,UPI,Small Business,Store,36.36%,2025,Nov
ORD10974,25-09-2025,CUST1075,Priya,Male,56,Kochi,Kerala,South,P109,Backpack,Bags,Travel,1,2200,0,2200,1400,800,Debit Card,Corporate,Store,36.36%,2025,Sep
ORD10975,13-03-2025,CUST1038,Sneha,Female,50,Ahmedabad,Gujarat,West,P105,Keyboard,Electronics,Accessories,1,1800,0.1,1620,1200,420,Debit Card,Consumer,Store,25.93%,2025,Mar
ORD10976,10-05-2025,CUST1227,Sanjay,Male,23,Ahmedabad,Gujarat,West,P106,Office Chair,Furniture,Chairs,4,8500,0.05,32300,5600,9900,Net Banking,Consumer,Online,30.65%,2025,May
ORD10977,20-05-2025,CUST1119,Divya,Male,21,Ahmedabad,Gujarat,West,P101,Laptop,Electronics,Computers,2,52000,0.2,83200,39000,5200,UPI,Small Business,Online,6.25%,2025,May
ORD10978,23-04-2025,CUST1107,Rahul,Male,38,Mumbai,Maharashtra,West,P105,Keyboard,Electronics,Accessories,1,1800,0.1,1620,1200,420,Credit Card,Consumer,Online,25.93%,2025,Apr
ORD10979,10-11-2025,CUST1109,Aditya,Female,60,Pune,Maharashtra,West,P112,Notebook,Stationery,Paper,1,450,0,450,280,170,UPI,Consumer,Online,37.78%,2025,Nov
ORD10980,18-11-2025,CUST1032,Pooja,Male,49,Ahmedabad,Gujarat,West,P101,Laptop,Electronics,Computers,1,52000,0.1,46800,39000,7800,Debit Card,Small Business,Store,16.67%,2025,Nov
ORD10981,10-08-2025,CUST1152,Sneha,Female,33,Hyderabad,Telangana,South,P105,Keyboard,Electronics,Accessories,4,1800,0.15,6120,1200,1320,UPI,Consumer,Online,21.57%,2025,Aug
ORD10982,26-02-2025,CUST1142,Aditya,Female,51,Kochi,Kerala,South,P107,Desk,Furniture,Tables,2,12000,0,24000,8000,8000,Debit Card,Small Business,Store,33.33%,2025,Feb
ORD10983,16-08-2025,CUST1079,Nikhil,Male,35,Ahmedabad,Gujarat,West,P112,Notebook,Stationery,Paper,1,450,0.05,427.5,280,147.5,Net Banking,Small Business,Store,34.50%,2025,Aug
ORD10984,25-02-2025,CUST1079,Ananya,Female,20,Coimbatore,Tamil Nadu,South,P110,Headphones,Electronics,Audio,1,3500,0.05,3325,2200,1125,Credit Card,Small Business,Online,33.83%,2025,Feb
ORD10985,02-12-2025,CUST1051,Kavya,Female,31,Jaipur,Rajasthan,North,P101,Laptop,Electronics,Computers,1,52000,0,52000,39000,13000,Debit Card,Small Business,Online,25.00%,2025,Dec
ORD10986,08-12-2025,CUST1154,Sanjay,Male,34,Hyderabad,Telangana,South,P107,Desk,Furniture,Tables,1,12000,0,12000,8000,4000,Credit Card,Consumer,Online,33.33%,2025,Dec
ORD10987,19-09-2025,CUST1244,Ananya,Male,56,Delhi,Delhi,North,P107,Desk,Furniture,Tables,1,12000,0.05,11400,8000,3400,Credit Card,Consumer,Store,29.82%,2025,Sep
ORD10988,24-03-2025,CUST1288,Rahul,Female,32,Mysuru,Karnataka,South,P108,Bookshelf,Furniture,Storage,1,7000,0.1,6300,4700,1600,Credit Card,Consumer,Store,25.40%,2025,Mar
ORD10989,12-04-2025,CUST1127,Vignesh,Female,59,Chennai,Tamil Nadu,South,P108,Bookshelf,Furniture,Storage,2,7000,0.15,11900,4700,2500,Debit Card,Consumer,Online,21.01%,2025,Apr
ORD10990,01-10-2025,CUST1284,Aditya,Female,35,Jaipur,Rajasthan,North,P107,Desk,Furniture,Tables,1,12000,0.05,11400,8000,3400,Net Banking,Corporate,Online,29.82%,2025,Oct
ORD10991,17-03-2025,CUST1245,Karthik,Male,35,Mumbai,Maharashtra,West,P109,Backpack,Bags,Travel,1,2200,0.1,1980,1400,580,Credit Card,Consumer,Online,29.29%,2025,Mar
ORD10992,19-03-2025,CUST1022,Sanjay,Male,34,Kolkata,West Bengal,East,P106,Office Chair,Furniture,Chairs,2,8500,0.1,15300,5600,4100,Credit Card,Consumer,Store,26.80%,2025,Mar
ORD10993,15-08-2025,CUST1016,Rahul,Male,20,Bengaluru,Karnataka,South,P108,Bookshelf,Furniture,Storage,2,7000,0.1,12600,4700,3200,Cash,Small Business,Store,25.40%,2025,Aug
ORD10994,12-09-2025,CUST1218,Pooja,Female,58,Jaipur,Rajasthan,North,P101,Laptop,Electronics,Computers,1,52000,0,52000,39000,13000,Cash,Corporate,Online,25.00%,2025,Sep
ORD10995,01-12-2025,CUST1053,Sneha,Female,53,Kolkata,West Bengal,East,P108,Bookshelf,Furniture,Storage,2,7000,0.05,13300,4700,3900,Credit Card,Consumer,Online,29.32%,2025,Dec
ORD10996,02-04-2025,CUST1212,Meera,Female,29,Hyderabad,Telangana,South,P110,Headphones,Electronics,Audio,1,3500,0.05,3325,2200,1125,Debit Card,Corporate,Online,33.83%,2025,Apr
ORD10997,07-10-2025,CUST1028,Pooja,Female,58,Bengaluru,Karnataka,South,P102,Smartphone,Electronics,Mobiles,2,28000,0.15,47600,22000,3600,UPI,Consumer,Online,7.56%,2025,Oct
ORD10998,15-04-2025,CUST1165,Ananya,Female,53,Mysuru,Karnataka,South,P110,Headphones,Electronics,Audio,3,3500,0.2,8400,2200,1800,Credit Card,Small Business,Store,21.43%,2025,Apr
ORD10999,14-12-2025,CUST1182,Ananya,Male,38,Hyderabad,Telangana,South,P107,Desk,Furniture,Tables,1,12000,0.1,10800,8000,2800,Credit Card,Consumer,Online,25.93%,2025,Dec
ORD11000,29-01-2025,CUST1273,Neha,Female,43,Ahmedabad,Gujarat,West,P107,Desk,Furniture,Tables,2,12000,0.2,19200,8000,3200,Debit Card,Consumer,Online,16.67%,2025,Jan
ORD11001,14-01-2025,CUST1123,Swathi,Male,28,Jaipur,Rajasthan,North,P107,Desk,Furniture,Tables,2,12000,0,24000,8000,8000,Net Banking,Consumer,Online,33.33%,2025,Jan
ORD11002,29-10-2025,CUST1267,Meera,Female,57,Mysuru,Karnataka,South,P109,Backpack,Bags,Travel,2,2200,0.1,3960,1400,1160,Credit Card,Small Business,Online,29.29%,2025,Oct
ORD11003,17-10-2025,CUST1251,Vivek,Male,32,Kolkata,West Bengal,East,P111,Printer,Electronics,Printers,4,12500,0.1,45000,9200,8200,Net Banking,Corporate,Store,18.22%,2025,Oct
ORD11004,13-09-2025,CUST1282,Swathi,Male,24,Bengaluru,Karnataka,South,P109,Backpack,Bags,Travel,5,2200,0.1,9900,1400,2900,UPI,Corporate,Online,29.29%,2025,Sep
ORD11005,17-12-2025,CUST1043,Amit,Female,54,Coimbatore,Tamil Nadu,South,P101,Laptop,Electronics,Computers,1,52000,0.05,49400,39000,10400,UPI,Corporate,Store,21.05%,2025,Dec
ORD11006,01-06-2025,CUST1164,Rahul,Female,53,Hyderabad,Telangana,South,P104,Monitor,Electronics,Accessories,4,14000,0.1,50400,10500,8400,Net Banking,Consumer,Store,16.67%,2025,Jun
ORD11007,22-06-2025,CUST1141,Vivek,Female,39,Pune,Maharashtra,West,P107,Desk,Furniture,Tables,2,12000,0.15,20400,8000,4400,Debit Card,Consumer,Store,21.57%,2025,Jun
ORD11008,12-05-2025,CUST1243,Ananya,Female,53,Pune,Maharashtra,West,P103,Tablet,Electronics,Tablets,1,22000,0,22000,16500,5500,Credit Card,Consumer,Store,25.00%,2025,May
ORD11009,05-04-2025,CUST1142,Amit,Female,33,Ahmedabad,Gujarat,West,P110,Headphones,Electronics,Audio,1,3500,0.15,2975,2200,775,Credit Card,Consumer,Online,26.05%,2025,Apr
ORD11010,10-10-2025,CUST1180,Arun,Male,29,Jaipur,Rajasthan,North,P108,Bookshelf,Furniture,Storage,1,7000,0.05,6650,4700,1950,UPI,Consumer,Online,29.32%,2025,Oct
ORD11011,09-11-2025,CUST1190,Manoj,Female,42,Mumbai,Maharashtra,West,P102,Smartphone,Electronics,Mobiles,2,28000,0.1,50400,22000,6400,Credit Card,Consumer,Online,12.70%,2025,Nov
ORD11012,01-05-2025,CUST1078,Rahul,Male,37,Hyderabad,Telangana,South,P101,Laptop,Electronics,Computers,1,52000,0,52000,39000,13000,Debit Card,Small Business,Store,25.00%,2025,May
ORD11013,08-11-2025,CUST1239,Pooja,Female,21,Mysuru,Karnataka,South,P112,Notebook,Stationery,Paper,5,450,0.15,1912.5,280,512.5,Cash,Corporate,Store,26.80%,2025,Nov
ORD11014,22-12-2025,CUST1041,Sneha,Female,23,Chennai,Tamil Nadu,South,P107,Desk,Furniture,Tables,1,12000,0.1,10800,8000,2800,Credit Card,Small Business,Store,25.93%,2025,Dec
ORD11015,02-07-2025,CUST1197,Sanjay,Male,48,Jaipur,Rajasthan,North,P108,Bookshelf,Furniture,Storage,1,7000,0.1,6300,4700,1600,UPI,Small Business,Store,25.40%,2025,Jul
ORD11016,22-10-2025,CUST1271,Karthik,Female,43,Ahmedabad,Gujarat,West,P108,Bookshelf,Furniture,Storage,3,7000,0.1,18900,4700,4800,Debit Card,Consumer,Online,25.40%,2025,Oct
ORD11017,20-05-2025,CUST1083,Vivek,Female,34,Bengaluru,Karnataka,South,P103,Tablet,Electronics,Tablets,1,22000,0.1,19800,16500,3300,UPI,Consumer,Online,16.67%,2025,May
ORD11018,04-04-2025,CUST1207,Swathi,Male,34,Hyderabad,Telangana,South,P102,Smartphone,Electronics,Mobiles,1,28000,0.1,25200,22000,3200,Debit Card,Consumer,Online,12.70%,2025,Apr
ORD11019,30-12-2025,CUST1273,Ananya,Female,59,Chennai,Tamil Nadu,South,P108,Bookshelf,Furniture,Storage,2,7000,0.1,12600,4700,3200,UPI,Consumer,Online,25.40%,2025,Dec
ORD11020,06-03-2025,CUST1228,Aditya,Female,40,Ahmedabad,Gujarat,West,P109,Backpack,Bags,Travel,1,2200,0,2200,1400,800,Net Banking,Corporate,Store,36.36%,2025,Mar
ORD11021,09-04-2025,CUST1104,Manoj,Male,24,Jaipur,Rajasthan,North,P103,Tablet,Electronics,Tablets,1,22000,0.1,19800,16500,3300,Net Banking,Corporate,Online,16.67%,2025,Apr
ORD11022,30-10-2025,CUST1072,Ananya,Female,49,Pune,Maharashtra,West,P108,Bookshelf,Furniture,Storage,1,7000,0.15,5950,4700,1250,Net Banking,Corporate,Online,21.01%,2025,Oct
ORD11023,23-01-2025,CUST1106,Priya,Male,48,Mumbai,Maharashtra,West,P105,Keyboard,Electronics,Accessories,2,1800,0,3600,1200,1200,UPI,Consumer,Online,33.33%,2025,Jan
ORD11024,18-04-2025,CUST1276,Manoj,Male,56,Bengaluru,Karnataka,South,P109,Backpack,Bags,Travel,2,2200,0.05,4180,1400,1380,Credit Card,Corporate,Online,33.01%,2025,Apr
ORD11025,06-03-2025,CUST1281,Ananya,Female,48,Coimbatore,Tamil Nadu,South,P112,Notebook,Stationery,Paper,2,450,0.05,855,280,295,Credit Card,Consumer,Store,34.50%,2025,Mar
ORD11026,13-01-2025,CUST1297,Rahul,Female,40,Ahmedabad,Gujarat,West,P109,Backpack,Bags,Travel,1,2200,0.15,1870,1400,470,UPI,Consumer,Online,25.13%,2025,Jan
ORD11027,05-10-2025,CUST1238,Meera,Male,36,Ahmedabad,Gujarat,West,P112,Notebook,Stationery,Paper,1,450,0.1,405,280,125,Debit Card,Corporate,Store,30.86%,2025,Oct
ORD11028,10-07-2025,CUST1101,Divya,Female,31,Mysuru,Karnataka,South,P101,Laptop,Electronics,Computers,3,52000,0,156000,39000,39000,Credit Card,Consumer,Online,25.00%,2025,Jul
ORD11029,09-10-2025,CUST1116,Neha,Female,40,Kochi,Kerala,South,P105,Keyboard,Electronics,Accessories,1,1800,0.2,1440,1200,240,UPI,Consumer,Online,16.67%,2025,Oct
ORD11030,05-08-2025,CUST1262,Manoj,Female,33,Bengaluru,Karnataka,South,P107,Desk,Furniture,Tables,2,12000,0.15,20400,8000,4400,UPI,Consumer,Online,21.57%,2025,Aug
ORD11031,05-02-2025,CUST1028,Karthik,Male,34,Delhi,Delhi,North,P112,Notebook,Stationery,Paper,1,450,0.25,337.5,280,57.5,Net Banking,Small Business,Online,17.04%,2025,Feb
ORD11032,04-12-2025,CUST1013,Sanjay,Female,37,Kochi,Kerala,South,P106,Office Chair,Furniture,Chairs,1,8500,0.15,7225,5600,1625,UPI,Small Business,Online,22.49%,2025,Dec
ORD11033,18-04-2025,CUST1245,Arun,Male,32,Kolkata,West Bengal,East,P108,Bookshelf,Furniture,Storage,2,7000,0.1,12600,4700,3200,Credit Card,Consumer,Store,25.40%,2025,Apr
ORD11034,12-12-2025,CUST1193,Kavya,Female,40,Delhi,Delhi,North,P101,Laptop,Electronics,Computers,1,52000,0.05,49400,39000,10400,UPI,Corporate,Online,21.05%,2025,Dec
ORD11035,19-02-2025,CUST1014,Karthik,Female,39,Hyderabad,Telangana,South,P102,Smartphone,Electronics,Mobiles,1,28000,0.15,23800,22000,1800,UPI,Consumer,Store,7.56%,2025,Feb
ORD11036,08-04-2025,CUST1016,Amit,Female,27,Ahmedabad,Gujarat,West,P109,Backpack,Bags,Travel,2,2200,0.2,3520,1400,720,Credit Card,Consumer,Online,20.45%,2025,Apr
ORD11037,25-01-2025,CUST1131,Vignesh,Female,45,Mumbai,Maharashtra,West,P107,Desk,Furniture,Tables,1,12000,0.15,10200,8000,2200,Debit Card,Consumer,Store,21.57%,2025,Jan
ORD11038,10-06-2025,CUST1078,Karthik,Female,47,Hyderabad,Telangana,South,P108,Bookshelf,Furniture,Storage,4,7000,0.2,22400,4700,3600,UPI,Corporate,Online,16.07%,2025,Jun
ORD11039,18-04-2025,CUST1299,Kavya,Male,33,Bengaluru,Karnataka,South,P112,Notebook,Stationery,Paper,2,450,0.05,855,280,295,UPI,Consumer,Store,34.50%,2025,Apr
ORD11040,02-08-2025,CUST1233,Meera,Male,34,Bengaluru,Karnataka,South,P102,Smartphone,Electronics,Mobiles,3,28000,0.1,75600,22000,9600,UPI,Consumer,Store,12.70%,2025,Aug
ORD11041,20-07-2025,CUST1149,Rohan,Female,53,Coimbatore,Tamil Nadu,South,P112,Notebook,Stationery,Paper,3,450,0.2,1080,280,240,Debit Card,Consumer,Online,22.22%,2025,Jul
ORD11042,13-02-2025,CUST1185,Swathi,Male,53,Kolkata,West Bengal,East,P108,Bookshelf,Furniture,Storage,1,7000,0,7000,4700,2300,UPI,Small Business,Online,32.86%,2025,Feb
ORD11043,20-01-2025,CUST1109,Arun,Female,23,Chennai,Tamil Nadu,South,P111,Printer,Electronics,Printers,1,12500,0.2,10000,9200,800,Net Banking,Small Business,Store,8.00%,2025,Jan
ORD11044,25-12-2025,CUST1038,Priya,Female,29,Jaipur,Rajasthan,North,P110,Headphones,Electronics,Audio,1,3500,0.1,3150,2200,950,UPI,Corporate,Store,30.16%,2025,Dec
ORD11045,05-01-2025,CUST1068,Sneha,Male,35,Mysuru,Karnataka,South,P104,Monitor,Electronics,Accessories,3,14000,0,42000,10500,10500,Debit Card,Consumer,Store,25.00%,2025,Jan
ORD11046,19-10-2025,CUST1189,Vivek,Female,57,Kolkata,West Bengal,East,P108,Bookshelf,Furniture,Storage,1,7000,0.1,6300,4700,1600,Credit Card,Consumer,Online,25.40%,2025,Oct
ORD11047,25-01-2025,CUST1146,Sanjay,Male,58,Jaipur,Rajasthan,North,P111,Printer,Electronics,Printers,1,12500,0.15,10625,9200,1425,Net Banking,Small Business,Online,13.41%,2025,Jan
ORD11048,22-05-2025,CUST1073,Rohan,Male,59,Delhi,Delhi,North,P106,Office Chair,Furniture,Chairs,1,8500,0.1,7650,5600,2050,UPI,Consumer,Online,26.80%,2025,May
ORD11049,24-06-2025,CUST1184,Swathi,Female,45,Jaipur,Rajasthan,North,P101,Laptop,Electronics,Computers,1,52000,0.1,46800,39000,7800,UPI,Consumer,Online,16.67%,2025,Jun
ORD11050,06-06-2025,CUST1171,Vignesh,Female,27,Ahmedabad,Gujarat,West,P104,Monitor,Electronics,Accessories,1,14000,0.15,11900,10500,1400,Net Banking,Corporate,Online,11.76%,2025,Jun
ORD11051,23-12-2025,CUST1003,Kavya,Female,53,Hyderabad,Telangana,South,P110,Headphones,Electronics,Audio,1,3500,0.05,3325,2200,1125,Credit Card,Consumer,Online,33.83%,2025,Dec
ORD11052,01-03-2025,CUST1216,Divya,Female,35,Mumbai,Maharashtra,West,P101,Laptop,Electronics,Computers,1,52000,0.15,44200,39000,5200,UPI,Consumer,Store,11.76%,2025,Mar
ORD11053,10-03-2025,CUST1009,Sanjay,Female,47,Ahmedabad,Gujarat,West,P101,Laptop,Electronics,Computers,2,52000,0.05,98800,39000,20800,UPI,Small Business,Online,21.05%,2025,Mar
ORD11054,30-01-2025,CUST1099,Priya,Female,31,Delhi,Delhi,North,P111,Printer,Electronics,Printers,1,12500,0,12500,9200,3300,Debit Card,Small Business,Online,26.40%,2025,Jan
ORD11055,12-10-2025,CUST1112,Karthik,Female,40,Delhi,Delhi,North,P112,Notebook,Stationery,Paper,3,450,0.1,1215,280,375,UPI,Consumer,Online,30.86%,2025,Oct
ORD11056,01-09-2025,CUST1113,Manoj,Male,20,Coimbatore,Tamil Nadu,South,P105,Keyboard,Electronics,Accessories,1,1800,0.1,1620,1200,420,UPI,Corporate,Online,25.93%,2025,Sep
ORD11057,14-11-2025,CUST1087,Ananya,Female,31,Delhi,Delhi,North,P109,Backpack,Bags,Travel,1,2200,0.1,1980,1400,580,UPI,Corporate,Online,29.29%,2025,Nov
ORD11058,21-10-2025,CUST1041,Divya,Female,28,Mumbai,Maharashtra,West,P102,Smartphone,Electronics,Mobiles,1,28000,0.05,26600,22000,4600,Credit Card,Consumer,Online,17.29%,2025,Oct
ORD11059,16-05-2025,CUST1277,Amit,Male,47,Kochi,Kerala,South,P102,Smartphone,Electronics,Mobiles,3,28000,0.05,79800,22000,13800,Net Banking,Consumer,Store,17.29%,2025,May
ORD11060,21-02-2025,CUST1045,Vignesh,Female,36,Coimbatore,Tamil Nadu,South,P101,Laptop,Electronics,Computers,5,52000,0.1,234000,39000,39000,UPI,Consumer,Store,16.67%,2025,Feb
ORD11061,20-07-2025,CUST1013,Manoj,Female,21,Mumbai,Maharashtra,West,P106,Office Chair,Furniture,Chairs,2,8500,0.1,15300,5600,4100,UPI,Corporate,Online,26.80%,2025,Jul
ORD11062,08-04-2025,CUST1043,Amit,Female,33,Bengaluru,Karnataka,South,P109,Backpack,Bags,Travel,4,2200,0.1,7920,1400,2320,Cash,Consumer,Store,29.29%,2025,Apr
ORD11063,04-11-2025,CUST1185,Sneha,Female,37,Ahmedabad,Gujarat,West,P111,Printer,Electronics,Printers,1,12500,0.1,11250,9200,2050,UPI,Consumer,Online,18.22%,2025,Nov
ORD11064,30-09-2025,CUST1214,Sanjay,Female,34,Kolkata,West Bengal,East,P108,Bookshelf,Furniture,Storage,4,7000,0.25,21000,4700,2200,UPI,Consumer,Online,10.48%,2025,Sep
ORD11065,18-06-2025,CUST1047,Meera,Male,48,Ahmedabad,Gujarat,West,P112,Notebook,Stationery,Paper,1,450,0.15,382.5,280,102.5,Credit Card,Consumer,Online,26.80%,2025,Jun
ORD11066,11-12-2025,CUST1178,Vignesh,Male,53,Chennai,Tamil Nadu,South,P106,Office Chair,Furniture,Chairs,2,8500,0.1,15300,5600,4100,UPI,Consumer,Store,26.80%,2025,Dec
ORD11067,26-07-2025,CUST1234,Amit,Female,29,Pune,Maharashtra,West,P112,Notebook,Stationery,Paper,2,450,0.05,855,280,295,Debit Card,Consumer,Store,34.50%,2025,Jul
ORD11068,28-04-2025,CUST1009,Ananya,Female,28,Ahmedabad,Gujarat,West,P111,Printer,Electronics,Printers,2,12500,0.05,23750,9200,5350,UPI,Consumer,Online,22.53%,2025,Apr
ORD11069,25-03-2025,CUST1300,Ananya,Female,26,Kolkata,West Bengal,East,P111,Printer,Electronics,Printers,2,12500,0.2,20000,9200,1600,Credit Card,Consumer,Online,8.00%,2025,Mar
ORD11070,08-04-2025,CUST1062,Rohan,Male,37,Delhi,Delhi,North,P108,Bookshelf,Furniture,Storage,4,7000,0,28000,4700,9200,UPI,Small Business,Online,32.86%,2025,Apr
ORD11071,02-09-2025,CUST1245,Sanjay,Female,47,Chennai,Tamil Nadu,South,P102,Smartphone,Electronics,Mobiles,1,28000,0.15,23800,22000,1800,Debit Card,Consumer,Online,7.56%,2025,Sep
ORD11072,14-11-2025,CUST1048,Vignesh,Male,58,Chennai,Tamil Nadu,South,P104,Monitor,Electronics,Accessories,1,14000,0.05,13300,10500,2800,UPI,Corporate,Online,21.05%,2025,Nov
ORD11073,27-06-2025,CUST1056,Amit,Female,33,Jaipur,Rajasthan,North,P102,Smartphone,Electronics,Mobiles,1,28000,0.2,22400,22000,400,Net Banking,Corporate,Online,1.79%,2025,Jun
ORD11074,15-03-2025,CUST1010,Rahul,Male,47,Kochi,Kerala,South,P102,Smartphone,Electronics,Mobiles,1,28000,0.1,25200,22000,3200,Debit Card,Consumer,Store,12.70%,2025,Mar
ORD11075,26-10-2025,CUST1269,Meera,Female,36,Ahmedabad,Gujarat,West,P107,Desk,Furniture,Tables,1,12000,0.1,10800,8000,2800,UPI,Consumer,Store,25.93%,2025,Oct
ORD11076,17-07-2025,CUST1300,Ananya,Female,60,Kolkata,West Bengal,East,P110,Headphones,Electronics,Audio,1,3500,0.1,3150,2200,950,Credit Card,Consumer,Store,30.16%,2025,Jul
ORD11077,13-10-2025,CUST1282,Amit,Male,40,Kochi,Kerala,South,P110,Headphones,Electronics,Audio,2,3500,0.05,6650,2200,2250,Debit Card,Consumer,Online,33.83%,2025,Oct
ORD11078,12-07-2025,CUST1037,Karthik,Female,21,Bengaluru,Karnataka,South,P108,Bookshelf,Furniture,Storage,2,7000,0.1,12600,4700,3200,Credit Card,Consumer,Store,25.40%,2025,Jul
ORD11079,28-09-2025,CUST1143,Vivek,Female,32,Coimbatore,Tamil Nadu,South,P105,Keyboard,Electronics,Accessories,3,1800,0.05,5130,1200,1530,Credit Card,Consumer,Online,29.82%,2025,Sep
ORD11080,25-10-2025,CUST1174,Divya,Female,40,Ahmedabad,Gujarat,West,P103,Tablet,Electronics,Tablets,2,22000,0.15,37400,16500,4400,Cash,Consumer,Online,11.76%,2025,Oct
ORD11081,17-11-2025,CUST1122,Ananya,Female,24,Kolkata,West Bengal,East,P105,Keyboard,Electronics,Accessories,1,1800,0,1800,1200,600,UPI,Consumer,Store,33.33%,2025,Nov
ORD11082,31-01-2025,CUST1012,Swathi,Female,35,Kochi,Kerala,South,P111,Printer,Electronics,Printers,2,12500,0.1,22500,9200,4100,Debit Card,Corporate,Online,18.22%,2025,Jan
ORD11083,22-07-2025,CUST1096,Priya,Male,27,Ahmedabad,Gujarat,West,P110,Headphones,Electronics,Audio,1,3500,0.15,2975,2200,775,Debit Card,Corporate,Online,26.05%,2025,Jul
ORD11084,03-06-2025,CUST1025,Sneha,Male,60,Mumbai,Maharashtra,West,P103,Tablet,Electronics,Tablets,1,22000,0.15,18700,16500,2200,UPI,Small Business,Online,11.76%,2025,Jun
ORD11085,22-09-2025,CUST1239,Ananya,Female,25,Pune,Maharashtra,West,P103,Tablet,Electronics,Tablets,1,22000,0.1,19800,16500,3300,Debit Card,Consumer,Store,16.67%,2025,Sep
ORD11086,02-08-2025,CUST1080,Ananya,Male,21,Kochi,Kerala,South,P101,Laptop,Electronics,Computers,2,52000,0.1,93600,39000,15600,Net Banking,Corporate,Online,16.67%,2025,Aug
ORD11087,22-07-2025,CUST1261,Neha,Female,51,Mysuru,Karnataka,South,P105,Keyboard,Electronics,Accessories,2,1800,0.05,3420,1200,1020,Credit Card,Corporate,Online,29.82%,2025,Jul
ORD11088,21-07-2025,CUST1210,Swathi,Female,51,Bengaluru,Karnataka,South,P108,Bookshelf,Furniture,Storage,1,7000,0.15,5950,4700,1250,Credit Card,Consumer,Online,21.01%,2025,Jul
ORD11089,07-12-2025,CUST1083,Pooja,Female,54,Jaipur,Rajasthan,North,P101,Laptop,Electronics,Computers,1,52000,0.2,41600,39000,2600,UPI,Small Business,Online,6.25%,2025,Dec
ORD11090,21-06-2025,CUST1051,Swathi,Female,23,Mumbai,Maharashtra,West,P103,Tablet,Electronics,Tablets,1,22000,0.05,20900,16500,4400,UPI,Corporate,Online,21.05%,2025,Jun
ORD11091,02-02-2025,CUST1241,Nikhil,Female,37,Hyderabad,Telangana,South,P102,Smartphone,Electronics,Mobiles,1,28000,0.1,25200,22000,3200,UPI,Consumer,Online,12.70%,2025,Feb
ORD11092,17-09-2025,CUST1005,Divya,Female,42,Kochi,Kerala,South,P109,Backpack,Bags,Travel,2,2200,0.1,3960,1400,1160,UPI,Small Business,Online,29.29%,2025,Sep
ORD11093,25-04-2025,CUST1236,Aditya,Female,26,Coimbatore,Tamil Nadu,South,P111,Printer,Electronics,Printers,1,12500,0.2,10000,9200,800,UPI,Corporate,Online,8.00%,2025,Apr
ORD11094,28-05-2025,CUST1177,Aditya,Male,42,Chennai,Tamil Nadu,south,P102,Smartphone,Electronics,Mobiles,1,28000,0.1,25200,22000,3200,Credit Card,Corporate,Store,12.70%,2025,May
ORD11095,08-05-2025,CUST1032,Ananya,Female,40,Jaipur,Rajasthan,North,P104,Monitor,Electronics,Accessories,1,14000,0.1,12600,10500,2100,Credit Card,Small Business,Online,16.67%,2025,May
ORD11096,27-11-2025,CUST1177,Rahul,Male,30,Pune,Maharashtra,West,P110,Headphones,Electronics,Audio,2,3500,0.05,6650,2200,2250,UPI,Small Business,Online,33.83%,2025,Nov
ORD11097,31-07-2025,CUST1092,Meera,Male,47,Coimbatore,Tamil Nadu,South,P111,Printer,Electronics,Printers,1,12500,0.1,11250,9200,2050,Net Banking,Consumer,Online,18.22%,2025,Jul
ORD11098,03-10-2025,CUST1127,Meera,Female,49,Mumbai,Maharashtra,West,P102,Smartphone,Electronics,Mobiles,2,28000,0.1,50400,22000,6400,UPI,Consumer,Online,12.70%,2025,Oct
ORD11099,22-01-2025,CUST1096,Amit,Male,55,Coimbatore,Tamil Nadu,South,P107,Desk,Furniture,Tables,1,12000,0.1,10800,8000,2800,Credit Card,Corporate,Store,25.93%,2025,Jan
ORD11100,05-04-2025,CUST1296,Sneha,Male,46,Pune,Maharashtra,West,P109,Backpack,Bags,Travel,3,2200,0.05,6270,1400,2070,Credit Card,Consumer,Store,33.01%,2025,Apr
ORD11101,06-09-2025,CUST1105,Ananya,Female,27,Mysuru,Karnataka,South,P103,Tablet,Electronics,Tablets,2,22000,0,44000,16500,11000,Net Banking,Corporate,Online,25.00%,2025,Sep
ORD11102,07-05-2025,CUST1191,Meera,Male,29,Mysuru,Karnataka,South,P106,Office Chair,Furniture,Chairs,2,8500,0,17000,5600,5800,Debit Card,Small Business,Store,34.12%,2025,May
ORD11103,27-06-2025,CUST1266,Manoj,Male,51,Mysuru,Karnataka,South,P109,Backpack,Bags,Travel,1,2200,0.15,1870,1400,470,Net Banking,Consumer,Store,25.13%,2025,Jun
ORD11104,07-12-2025,CUST1053,Rahul,Female,20,Mumbai,Maharashtra,West,P107,Desk,Furniture,Tables,4,12000,0.1,43200,8000,11200,Credit Card,Consumer,Store,25.93%,2025,Dec
ORD11105,21-06-2025,CUST1012,Pooja,Female,33,Bengaluru,Karnataka,South,P112,Notebook,Stationery,Paper,1,450,0.1,405,280,125,Credit Card,Consumer,Store,30.86%,2025,Jun
ORD11106,15-11-2025,CUST1189,Divya,Female,58,Delhi,Delhi,North,P111,Printer,Electronics,Printers,2,12500,0.15,21250,9200,2850,Debit Card,Consumer,Online,13.41%,2025,Nov
ORD11107,02-02-2025,CUST1261,Aditya,Female,29,Bengaluru,Karnataka,South,P108,Bookshelf,Furniture,Storage,1,7000,0,7000,4700,2300,Credit Card,Consumer,Online,32.86%,2025,Feb
ORD11108,14-12-2025,CUST1230,Kavya,Male,34,Kolkata,West Bengal,East,P102,Smartphone,Electronics,Mobiles,1,28000,0.05,26600,22000,4600,UPI,Consumer,Online,17.29%,2025,Dec
ORD11109,24-03-2025,CUST1218,Rahul,Female,34,Chennai,Tamil Nadu,South,P106,Office Chair,Furniture,Chairs,2,8500,0.05,16150,5600,4950,Credit Card,Consumer,Online,30.65%,2025,Mar
ORD11110,03-07-2025,CUST1265,Pooja,Male,55,Coimbatore,Tamil Nadu,South,P111,Printer,Electronics,Printers,1,12500,0.1,11250,9200,2050,Credit Card,Corporate,Online,18.22%,2025,Jul
ORD11111,23-07-2025,CUST1253,Amit,Female,34,Kolkata,West Bengal,East,P107,Desk,Furniture,Tables,2,12000,0.15,20400,8000,4400,Credit Card,Consumer,Store,21.57%,2025,Jul
ORD11112,25-07-2025,CUST1006,Karthik,Male,34,Pune,Maharashtra,West,P108,Bookshelf,Furniture,Storage,2,7000,0.25,10500,4700,1100,UPI,Corporate,Online,10.48%,2025,Jul
ORD11113,16-10-2025,CUST1140,Sanjay,Male,43,Bengaluru,Karnataka,South,P102,Smartphone,Electronics,Mobiles,1,28000,0.1,25200,22000,3200,Net Banking,Consumer,Store,12.70%,2025,Oct
ORD11114,03-11-2025,CUST1021,Swathi,Male,25,Kolkata,West Bengal,East,P105,Keyboard,Electronics,Accessories,2,1800,0.05,3420,1200,1020,Debit Card,Small Business,Online,29.82%,2025,Nov
ORD11115,09-07-2025,CUST1006,Karthik,Male,39,Delhi,Delhi,North,P101,Laptop,Electronics,Computers,3,52000,0.15,132600,39000,15600,Credit Card,Consumer,Store,11.76%,2025,Jul
ORD11116,23-04-2025,CUST1030,Amit,Male,51,Jaipur,Rajasthan,North,P110,Headphones,Electronics,Audio,2,3500,0.2,5600,2200,1200,UPI,Consumer,Online,21.43%,2025,Apr
ORD11117,21-06-2025,CUST1047,Aditya,Male,51,Ahmedabad,Gujarat,West,P107,Desk,Furniture,Tables,1,12000,0.1,10800,8000,2800,UPI,Small Business,Online,25.93%,2025,Jun
ORD11118,20-04-2025,CUST1172,Priya,Female,29,Bengaluru,Karnataka,South,P104,Monitor,Electronics,Accessories,1,14000,0.1,12600,10500,2100,UPI,Consumer,Online,16.67%,2025,Apr
ORD11119,28-09-2025,CUST1065,Sanjay,Female,50,Hyderabad,Telangana,South,P105,Keyboard,Electronics,Accessories,1,1800,0,1800,1200,600,UPI,Consumer,Online,33.33%,2025,Sep
ORD11120,12-12-2025,CUST1008,Rohan,Male,49,Ahmedabad,Gujarat,West,P103,Tablet,Electronics,Tablets,2,22000,0.1,39600,16500,6600,Net Banking,Corporate,Store,16.67%,2025,Dec
ORD11121,17-07-2025,CUST1047,Sneha,Male,30,Mumbai,Maharashtra,West,P112,Notebook,Stationery,Paper,2,450,0,900,280,340,Debit Card,Consumer,Online,37.78%,2025,Jul
ORD11122,10-03-2025,CUST1031,Karthik,Male,44,Pune,Maharashtra,West,P112,Notebook,Stationery,Paper,2,450,0.15,765,280,205,UPI,Small Business,Store,26.80%,2025,Mar
ORD11123,11-07-2025,CUST1151,Pooja,Male,36,Mumbai,Maharashtra,West,P112,Notebook,Stationery,Paper,1,450,0.05,427.5,280,147.5,UPI,Consumer,Store,34.50%,2025,Jul
ORD11124,09-12-2025,CUST1262,Rohan,Male,27,Bengaluru,Karnataka,South,P103,Tablet,Electronics,Tablets,1,22000,0,22000,16500,5500,Net Banking,Consumer,Online,25.00%,2025,Dec
ORD11125,28-10-2025,CUST1195,Swathi,Male,56,Mysuru,Karnataka,South,P110,Headphones,Electronics,Audio,2,3500,0,7000,2200,2600,Credit Card,Small Business,Online,37.14%,2025,Oct
ORD11126,28-01-2025,CUST1211,Pooja,Male,57,Delhi,Delhi,North,P103,Tablet,Electronics,Tablets,1,22000,0.2,17600,16500,1100,Credit Card,Consumer,Online,6.25%,2025,Jan
ORD11127,02-09-2025,CUST1209,Ananya,Male,49,Delhi,Delhi,North,P106,Office Chair,Furniture,Chairs,2,8500,0.15,14450,5600,3250,Credit Card,Consumer,Store,22.49%,2025,Sep
ORD11128,02-10-2025,CUST1036,Pooja,Male,32,Pune,Maharashtra,West,P108,Bookshelf,Furniture,Storage,1,7000,0.15,5950,4700,1250,UPI,Small Business,Online,21.01%,2025,Oct
ORD11129,14-02-2025,CUST1253,Priya,Male,47,Coimbatore,Tamil Nadu,South,P110,Headphones,Electronics,Audio,2,3500,0.05,6650,2200,2250,Cash,Corporate,Online,33.83%,2025,Feb
ORD11130,15-10-2025,CUST1154,Ananya,Female,37,Mumbai,Maharashtra,West,P103,Tablet,Electronics,Tablets,3,22000,0.1,59400,16500,9900,UPI,Corporate,Online,16.67%,2025,Oct
ORD11131,04-12-2025,CUST1151,Pooja,Female,60,Pune,Maharashtra,West,P105,Keyboard,Electronics,Accessories,1,1800,0.05,1710,1200,510,Cash,Consumer,Online,29.82%,2025,Dec
ORD11132,26-12-2025,CUST1243,Amit,Female,44,Mumbai,Maharashtra,West,P102,Smartphone,Electronics,Mobiles,1,28000,0,28000,22000,6000,Net Banking,Consumer,Store,21.43%,2025,Dec
ORD11133,16-01-2025,CUST1296,Nikhil,Male,59,Jaipur,Rajasthan,North,P105,Keyboard,Electronics,Accessories,1,1800,0.1,1620,1200,420,Cash,Corporate,Store,25.93%,2025,Jan
ORD11134,30-08-2025,CUST1031,Vignesh,Male,60,Mysuru,Karnataka,South,P105,Keyboard,Electronics,Accessories,4,1800,0.1,6480,1200,1680,Debit Card,Corporate,Online,25.93%,2025,Aug
ORD11135,13-11-2025,CUST1145,Aditya,Female,27,Delhi,Delhi,North,P101,Laptop,Electronics,Computers,3,52000,0,156000,39000,39000,UPI,Corporate,Store,25.00%,2025,Nov
ORD11136,12-01-2025,CUST1075,Manoj,Male,20,Kochi,Kerala,South,P110,Headphones,Electronics,Audio,1,3500,0.1,3150,2200,950,UPI,Consumer,Store,30.16%,2025,Jan
ORD11137,11-07-2025,CUST1079,Swathi,Male,27,Pune,Maharashtra,West,P106,Office Chair,Furniture,Chairs,1,8500,0,8500,5600,2900,UPI,Consumer,Store,34.12%,2025,Jul
ORD11138,23-03-2025,CUST1132,Kavya,Male,41,Kolkata,West Bengal,East,P107,Desk,Furniture,Tables,2,12000,0.15,20400,8000,4400,Debit Card,Small Business,Online,21.57%,2025,Mar
ORD11139,21-10-2025,CUST1298,Vignesh,Female,47,Pune,Maharashtra,West,P101,Laptop,Electronics,Computers,1,52000,0.05,49400,39000,10400,Net Banking,Consumer,Store,21.05%,2025,Oct
ORD11140,30-09-2025,CUST1274,Swathi,Female,20,Mumbai,Maharashtra,West,P112,Notebook,Stationery,Paper,3,450,0.1,1215,280,375,Credit Card,Consumer,Store,30.86%,2025,Sep
ORD11141,10-09-2025,CUST1150,Manoj,Male,34,Hyderabad,Telangana,South,P102,Smartphone,Electronics,Mobiles,2,28000,0.05,53200,22000,9200,Debit Card,Consumer,Online,17.29%,2025,Sep
ORD11142,18-06-2025,CUST1198,Sneha,Male,56,Ahmedabad,Gujarat,West,P108,Bookshelf,Furniture,Storage,5,7000,0.1,31500,4700,8000,Credit Card,Consumer,Store,25.40%,2025,Jun
ORD11143,18-08-2025,CUST1024,Amit,Male,20,Mumbai,Maharashtra,West,P109,Backpack,Bags,Travel,1,2200,0.15,1870,1400,470,UPI,Consumer,Store,25.13%,2025,Aug
ORD11144,01-12-2025,CUST1085,Nikhil,Male,25,Hyderabad,Telangana,South,P111,Printer,Electronics,Printers,2,12500,0.1,22500,9200,4100,Cash,Consumer,Online,18.22%,2025,Dec
ORD11145,12-11-2025,CUST1124,Manoj,Male,42,Mysuru,Karnataka,South,P104,Monitor,Electronics,Accessories,1,14000,0.1,12600,10500,2100,UPI,Small Business,Online,16.67%,2025,Nov
ORD11146,08-12-2025,CUST1034,Ananya,Male,36,Mumbai,Maharashtra,West,P102,Smartphone,Electronics,Mobiles,4,28000,0,112000,22000,24000,Credit Card,Small Business,Store,21.43%,2025,Dec
ORD11147,12-10-2025,CUST1032,Ananya,Male,56,Kolkata,West Bengal,East,P109,Backpack,Bags,Travel,1,2200,0.2,1760,1400,360,Credit Card,Corporate,Online,20.45%,2025,Oct
ORD11148,16-06-2025,CUST1284,Divya,Female,50,Coimbatore,Tamil Nadu,South,P112,Notebook,Stationery,Paper,4,450,0.2,1440,280,320,UPI,Consumer,Store,22.22%,2025,Jun
ORD11149,10-09-2025,CUST1169,Kavya,Female,32,Mysuru,Karnataka,South,P106,Office Chair,Furniture,Chairs,1,8500,0.05,8075,5600,2475,UPI,Consumer,Store,30.65%,2025,Sep
ORD11150,19-10-2025,CUST1220,Kavya,Female,30,Delhi,Delhi,North,P112,Notebook,Stationery,Paper,2,450,0,900,280,340,Credit Card,Small Business,Store,37.78%,2025,Oct
ORD11151,05-11-2025,CUST1157,Aditya,Male,29,Kochi,Kerala,South,P111,Printer,Electronics,Printers,2,12500,0.2,20000,9200,1600,UPI,Small Business,Online,8.00%,2025,Nov
ORD11152,29-12-2025,CUST1143,Sneha,Male,41,Delhi,Delhi,North,P102,Smartphone,Electronics,Mobiles,5,28000,0.05,133000,22000,23000,Cash,Small Business,Online,17.29%,2025,Dec
ORD11153,02-01-2025,CUST1194,Karthik,Male,48,Mysuru,Karnataka,South,P109,Backpack,Bags,Travel,1,2200,0,2200,1400,800,Debit Card,Corporate,Online,36.36%,2025,Jan
ORD11154,28-10-2025,CUST1016,Vivek,Male,53,Jaipur,Rajasthan,North,P104,Monitor,Electronics,Accessories,4,14000,0.1,50400,10500,8400,Debit Card,Consumer,Online,16.67%,2025,Oct
ORD11155,28-07-2025,CUST1172,Nikhil,Female,25,Kolkata,West Bengal,East,P111,Printer,Electronics,Printers,2,12500,0.25,18750,9200,350,Net Banking,Consumer,Online,1.87%,2025,Jul
ORD11156,24-01-2025,CUST1216,Sneha,Male,29,Kochi,Kerala,South,P106,Office Chair,Furniture,Chairs,4,8500,0.1,30600,5600,8200,UPI,Consumer,Online,26.80%,2025,Jan
ORD11157,13-04-2025,CUST1120,Ananya,Male,33,Pune,Maharashtra,West,P109,Backpack,Bags,Travel,4,2200,0.1,7920,1400,2320,Debit Card,Consumer,Online,29.29%,2025,Apr
ORD11158,04-07-2025,CUST1105,Swathi,Male,50,Mumbai,Maharashtra,West,P105,Keyboard,Electronics,Accessories,1,1800,0.15,1530,1200,330,Credit Card,Small Business,Online,21.57%,2025,Jul
ORD11159,26-03-2025,CUST1174,Ananya,Male,38,Bengaluru,Karnataka,South,P103,Tablet,Electronics,Tablets,1,22000,0,22000,16500,5500,UPI,Corporate,Online,25.00%,2025,Mar
ORD11160,05-06-2025,CUST1030,Ananya,Male,50,Chennai,Tamil Nadu,South,P109,Backpack,Bags,Travel,2,2200,0.05,4180,1400,1380,Debit Card,Consumer,Online,33.01%,2025,Jun
ORD11161,31-12-2025,CUST1150,Rohan,Male,24,Mysuru,Karnataka,South,P104,Monitor,Electronics,Accessories,2,14000,0.1,25200,10500,4200,Cash,Corporate,Online,16.67%,2025,Dec
ORD11162,26-12-2025,CUST1201,Meera,Male,53,Delhi,Delhi,North,P101,Laptop,Electronics,Computers,2,52000,0.1,93600,39000,15600,Debit Card,Small Business,Online,16.67%,2025,Dec
ORD11163,21-12-2025,CUST1190,Priya,Female,43,Delhi,Delhi,North,P103,Tablet,Electronics,Tablets,1,22000,0,22000,16500,5500,Net Banking,Consumer,Online,25.00%,2025,Dec
ORD11164,01-06-2025,CUST1095,Ananya,Female,32,Kolkata,West Bengal,East,P107,Desk,Furniture,Tables,3,12000,0,36000,8000,12000,Credit Card,Consumer,Online,33.33%,2025,Jun
ORD11165,05-09-2025,CUST1198,Arun,Female,31,Chennai,Tamil Nadu,South,P112,Notebook,Stationery,Paper,1,450,0,450,280,170,Debit Card,Corporate,Store,37.78%,2025,Sep
ORD11166,23-08-2025,CUST1238,Nikhil,Male,58,Kolkata,West Bengal,East,P101,Laptop,Electronics,Computers,3,52000,0.1,140400,39000,23400,UPI,Consumer,Online,16.67%,2025,Aug
ORD11167,20-03-2025,CUST1093,Sneha,Male,48,Ahmedabad,Gujarat,West,P111,Printer,Electronics,Printers,1,12500,0.1,11250,9200,2050,Net Banking,Small Business,Online,18.22%,2025,Mar
ORD11168,10-11-2025,CUST1282,Karthik,Male,55,Coimbatore,Tamil Nadu,South,P112,Notebook,Stationery,Paper,2,450,0.2,720,280,160,Cash,Corporate,Online,22.22%,2025,Nov
ORD11169,27-06-2025,CUST1014,Neha,Male,53,Ahmedabad,Gujarat,West,P101,Laptop,Electronics,Computers,2,52000,0.25,78000,39000,0,UPI,Consumer,Store,0.00%,2025,Jun
ORD11170,24-12-2025,CUST1172,Divya,Male,45,Mumbai,Maharashtra,West,P109,Backpack,Bags,Travel,1,2200,0.15,1870,1400,470,UPI,Corporate,Store,25.13%,2025,Dec
ORD11171,31-01-2025,CUST1019,Manoj,Male,46,Mumbai,Maharashtra,West,P110,Headphones,Electronics,Audio,1,3500,0.05,3325,2200,1125,UPI,Consumer,Online,33.83%,2025,Jan
ORD11172,08-04-2025,CUST1132,Aditya,Female,42,Kochi,Kerala,South,P106,Office Chair,Furniture,Chairs,1,8500,0,8500,5600,2900,UPI,Consumer,Online,34.12%,2025,Apr
ORD11173,07-04-2025,CUST1055,Rahul,Female,48,Chennai,Tamil Nadu,South,P112,Notebook,Stationery,Paper,1,450,0.05,427.5,280,147.5,Debit Card,Consumer,Store,34.50%,2025,Apr
ORD11174,30-06-2025,CUST1181,Nikhil,Male,25,Hyderabad,Telangana,South,P112,Notebook,Stationery,Paper,1,450,0,450,280,170,UPI,Consumer,Online,37.78%,2025,Jun
ORD11175,29-11-2025,CUST1116,Pooja,Female,46,Pune,Maharashtra,West,P105,Keyboard,Electronics,Accessories,4,1800,0.15,6120,1200,1320,Debit Card,Corporate,Online,21.57%,2025,Nov
ORD11176,15-01-2025,CUST1050,Ananya,Female,58,Bengaluru,Karnataka,South,P104,Monitor,Electronics,Accessories,1,14000,0,14000,10500,3500,UPI,Consumer,Store,25.00%,2025,Jan
ORD11177,12-07-2025,CUST1146,Kavya,Female,21,Pune,Maharashtra,West,P104,Monitor,Electronics,Accessories,1,14000,0.1,12600,10500,2100,Credit Card,Corporate,Online,16.67%,2025,Jul
ORD11178,25-05-2025,CUST1274,Kavya,Female,36,Hyderabad,Telangana,South,P111,Printer,Electronics,Printers,2,12500,0.1,22500,9200,4100,Credit Card,Corporate,Store,18.22%,2025,May
ORD11179,05-01-2025,CUST1176,Sanjay,Male,32,Hyderabad,Telangana,South,P102,Smartphone,Electronics,Mobiles,5,28000,0.05,133000,22000,23000,Credit Card,Corporate,Store,17.29%,2025,Jan
ORD11180,25-06-2025,CUST1286,Sanjay,Male,36,Pune,Maharashtra,West,P109,Backpack,Bags,Travel,3,2200,0.2,5280,1400,1080,Debit Card,Corporate,Online,20.45%,2025,Jun
ORD11181,15-09-2025,CUST1196,Neha,Male,47,Coimbatore,Tamil Nadu,South,P101,Laptop,Electronics,Computers,2,52000,0,104000,39000,26000,UPI,Consumer,Store,25.00%,2025,Sep
ORD11182,12-10-2025,CUST1070,Ananya,Female,27,Delhi,Delhi,North,P104,Monitor,Electronics,Accessories,1,14000,0.15,11900,10500,1400,Cash,Consumer,Online,11.76%,2025,Oct
ORD11183,05-02-2025,CUST1112,Pooja,Male,45,Mumbai,Maharashtra,West,P104,Monitor,Electronics,Accessories,1,14000,0.1,12600,10500,2100,UPI,Consumer,Store,16.67%,2025,Feb
ORD11184,26-11-2025,CUST1167,Ananya,Male,24,Kochi,Kerala,South,P107,Desk,Furniture,Tables,2,12000,0.1,21600,8000,5600,Debit Card,Consumer,Online,25.93%,2025,Nov
ORD11185,01-12-2025,CUST1121,Vivek,Male,59,Kochi,Kerala,south,P108,Bookshelf,Furniture,Storage,2,7000,0.2,11200,4700,1800,Credit Card,Consumer,Store,16.07%,2025,Dec
ORD11186,15-10-2025,CUST1180,Kavya,Female,32,Kolkata,West Bengal,East,P109,Backpack,Bags,Travel,1,2200,0.2,1760,1400,360,UPI,Corporate,Store,20.45%,2025,Oct
ORD11187,01-02-2025,CUST1141,Arun,Female,43,Ahmedabad,Gujarat,West,P108,Bookshelf,Furniture,Storage,4,7000,0,28000,4700,9200,Credit Card,Corporate,Store,32.86%,2025,Feb
ORD11188,23-12-2025,CUST1058,Rohan,Female,44,Kochi,Kerala,South,P105,Keyboard,Electronics,Accessories,5,1800,0.1,8100,1200,2100,UPI,Consumer,Store,25.93%,2025,Dec
ORD11189,21-06-2025,CUST1260,Pooja,Female,26,Chennai,Tamil Nadu,South,P101,Laptop,Electronics,Computers,3,52000,0.1,140400,39000,23400,UPI,Small Business,Store,16.67%,2025,Jun
ORD11190,07-12-2025,CUST1088,Kavya,Male,44,Mumbai,Maharashtra,West,P104,Monitor,Electronics,Accessories,1,14000,0.1,12600,10500,2100,Credit Card,Consumer,Online,16.67%,2025,Dec
ORD11191,26-01-2025,CUST1024,Meera,Female,56,Mumbai,Maharashtra,West,P103,Tablet,Electronics,Tablets,3,22000,0.15,56100,16500,6600,Debit Card,Consumer,Store,11.76%,2025,Jan
ORD11192,07-06-2025,CUST1204,Meera,Female,56,Hyderabad,Telangana,South,P103,Tablet,Electronics,Tablets,2,22000,0.1,39600,16500,6600,Net Banking,Small Business,Store,16.67%,2025,Jun
ORD11193,17-10-2025,CUST1254,Karthik,Male,44,Pune,Maharashtra,West,P111,Printer,Electronics,Printers,5,12500,0.05,59375,9200,13375,UPI,Consumer,Store,22.53%,2025,Oct
ORD11194,01-10-2025,CUST1035,Neha,Female,43,Kolkata,West Bengal,East,P101,Laptop,Electronics,Computers,3,52000,0.1,140400,39000,23400,UPI,Consumer,Online,16.67%,2025,Oct
ORD11195,09-10-2025,CUST1288,Arun,Male,39,Kochi,Kerala,South,P104,Monitor,Electronics,Accessories,1,14000,0,14000,10500,3500,Cash,Consumer,Online,25.00%,2025,Oct
ORD11196,03-04-2025,CUST1144,Amit,Male,53,Kolkata,West Bengal,East,P112,Notebook,Stationery,Paper,2,450,0.25,675,280,115,Cash,Consumer,Online,17.04%,2025,Apr
ORD11197,28-03-2025,CUST1033,Sneha,Male,40,Coimbatore,Tamil Nadu,South,P102,Smartphone,Electronics,Mobiles,5,28000,0.15,119000,22000,9000,Credit Card,Small Business,Online,7.56%,2025,Mar
ORD11198,05-04-2025,CUST1025,Sneha,Male,30,Pune,Maharashtra,West,P101,Laptop,Electronics,Computers,2,52000,0,104000,39000,26000,Credit Card,Consumer,Online,25.00%,2025,Apr
ORD11199,13-03-2025,CUST1223,Manoj,Male,27,Pune,Maharashtra,West,P104,Monitor,Electronics,Accessories,1,14000,0,14000,10500,3500,UPI,Consumer,Store,25.00%,2025,Mar
ORD11200,19-08-2025,CUST1133,Meera,Male,34,Pune,Maharashtra,West,P103,Tablet,Electronics,Tablets,1,22000,0,22000,16500,5500,Net Banking,Consumer,Store,25.00%,2025,Aug
